0.063, 1.80, 0.00, 0.00, 1.80, 1.80, 1.80, 1.80
0.188, 1.80, 0.00, 0.00, 1.80, 1.80, 1.80, 1.80
0.313, 1.80, 0.00, 0.00, 1.80, 1.80, 1.80, 1.80
0.438, 1.80, 0.00, 0.00, 1.80, 1.80, 1.80, 1.80
0.563, 0.00, 1.80, 0.00, 1.80, 1.80, 1.80, 1.80
0.688, 0.00, 1.80, 0.00, 1.80, 1.80, 1.80, 1.80
0.813, 0.00, 1.80, 0.00, 1.80, 1.80, 1.80, 1.80
0.938, 0.00, 1.80, 0.00, 1.80, 1.80, 1.80, 1.80
1.063, 1.80, 0.00, 1.80, 0.20, 1.80, 1.80, 1.80
1.188, 1.80, 0.00, 1.80, 0.20, 1.80, 1.80, 1.80
1.313, 1.80, 0.00, 1.80, 0.20, 1.80, 1.80, 1.80
1.438, 1.80, 0.00, 1.80, 0.20, 1.80, 1.80, 1.80
1.563, 0.00, 1.80, 1.80, 0.20, 1.80, 1.80, 1.80
1.688, 0.00, 1.80, 1.80, 0.20, 1.80, 1.80, 1.80
1.813, 0.00, 1.80, 1.80, 0.20, 1.80, 1.80, 1.80
1.938, 0.00, 1.80, 1.80, 0.20, 1.80, 1.80, 1.80
2.063, 1.80, 0.00, 0.00, 1.80, 0.00, 1.80, 1.80
2.188, 1.80, 0.00, 0.00, 1.80, 0.00, 1.80, 1.80
2.313, 1.80, 0.00, 0.00, 1.80, 0.00, 1.80, 1.80
2.438, 1.80, 0.00, 0.00, 1.80, 0.00, 1.80, 1.80
2.563, 0.00, 1.80, 0.00, 1.80, 0.56, 1.80, 1.80
2.688, 0.00, 1.80, 0.00, 1.80, 0.56, 1.80, 1.80
2.813, 0.00, 1.80, 0.00, 1.80, 0.56, 1.80, 1.80
2.938, 0.00, 1.80, 0.00, 1.80, 0.56, 1.80, 1.80
3.063, 1.80, 0.00, 0.00, 1.80, 1.80, 1.80, 1.80
3.188, 1.80, 0.00, 0.00, 1.80, 1.80, 1.80, 1.80
3.313, 1.80, 0.00, 0.00, 1.80, 1.80, 1.80, 1.80
3.438, 1.80, 0.00, 0.00, 1.80, 1.80, 1.80, 1.80
3.563, 0.00, 1.80, 0.00, 1.80, 1.80, 1.80, 1.80
3.688, 0.00, 1.80, 0.00, 1.80, 1.80, 1.80, 1.80
3.813, 0.00, 1.80, 0.00, 1.80, 1.80, 1.80, 1.80
3.938, 0.00, 1.80, 0.00, 1.80, 1.80, 1.80, 1.80
4.063, 1.80, 0.00, 0.00, 1.80, 1.80, 1.80, 1.80
4.188, 1.80, 0.00, 0.00, 1.80, 1.80, 1.80, 1.80
4.313, 1.80, 0.00, 0.00, 1.80, 1.80, 1.80, 1.80
4.438, 1.80, 0.00, 0.00, 1.80, 1.80, 1.80, 1.80
4.563, 0.00, 1.80, 0.00, 1.80, 1.80, 1.80, 1.80
4.688, 0.00, 1.80, 0.00, 1.80, 1.80, 1.80, 1.80
4.813, 0.00, 1.80, 0.00, 1.80, 1.80, 1.80, 1.80
4.938, 0.00, 1.80, 0.00, 1.80, 1.80, 1.80, 1.80
5.063, 1.80, 0.00, 0.00, 1.80, 1.80, 1.80, 1.80
5.188, 1.80, 0.00, 0.00, 1.80, 1.80, 1.80, 1.80
5.313, 1.80, 0.00, 0.00, 1.80, 1.80, 1.80, 1.80
5.438, 1.80, 0.00, 0.00, 1.80, 1.80, 1.80, 1.80
5.563, 0.00, 1.80, 0.00, 1.80, 1.80, 1.80, 1.80
5.688, 0.00, 1.80, 0.00, 1.80, 1.80, 1.80, 1.80
5.813, 0.00, 1.80, 0.00, 1.80, 1.80, 1.80, 1.80
5.938, 0.00, 1.80, 0.00, 1.80, 1.80, 1.80, 1.80
6.063, 1.80, 0.00, 0.00, 1.80, 1.80, 1.80, 1.80
6.188, 1.80, 0.00, 0.00, 1.80, 1.80, 1.80, 1.80
6.313, 1.80, 0.00, 0.00, 1.80, 1.80, 1.80, 1.80
6.438, 1.80, 0.00, 0.00, 1.80, 1.80, 1.80, 1.80
6.563, 0.00, 1.80, 0.00, 1.80, 1.80, 1.80, 1.80
6.688, 0.00, 1.80, 0.00, 1.80, 1.80, 1.80, 1.80
6.813, 0.00, 1.80, 0.00, 1.80, 1.80, 1.80, 1.80
6.938, 0.00, 1.80, 0.00, 1.80, 1.80, 1.80, 1.80
7.063, 1.80, 0.00, 0.00, 1.80, 1.80, 1.80, 1.80
7.188, 1.80, 0.00, 0.00, 1.80, 1.80, 1.80, 1.80
7.313, 1.80, 0.00, 0.00, 1.80, 1.80, 1.80, 1.80
7.438, 1.80, 0.00, 0.00, 1.80, 1.80, 1.80, 1.80
7.563, 0.00, 1.80, 0.00, 1.80, 1.80, 1.80, 1.80
7.688, 0.00, 1.80, 0.00, 1.80, 1.80, 1.80, 1.80
7.813, 0.00, 1.80, 0.00, 1.80, 1.80, 1.80, 1.80
7.938, 0.00, 1.80, 0.00, 1.80, 1.80, 1.80, 1.80
