instance_name,model,D,G,S,B,golden_L_raw,golden_L_m,golden_W_raw,golden_W_m,golden_fingers,golden_fingers_source,golden_multiplier,golden_multiplier_source
mn_c,n18,clkb,clk,vss,vss,ln,2e-07,wc,2e-06,1,DEFAULT_FROM_NETLIST_ABSENCE,1,DEFAULT_FROM_NETLIST_ABSENCE
mn_k1,n18,mb,m,vss,vss,ln,2e-07,wk,5e-07,1,DEFAULT_FROM_NETLIST_ABSENCE,1,DEFAULT_FROM_NETLIST_ABSENCE
mn_k2,n18,m,mb,vss,vss,ln,2e-07,wk,5e-07,1,DEFAULT_FROM_NETLIST_ABSENCE,1,DEFAULT_FROM_NETLIST_ABSENCE
mn_k3,n18,qbar,q,vss,vss,ln,2e-07,wk,5e-07,1,DEFAULT_FROM_NETLIST_ABSENCE,1,DEFAULT_FROM_NETLIST_ABSENCE
mn_k4,n18,q,qbar,vss,vss,ln,2e-07,wk,5e-07,1,DEFAULT_FROM_NETLIST_ABSENCE,1,DEFAULT_FROM_NETLIST_ABSENCE
mn_m1,n18,x2,clkb,vss,vss,ln,2e-07,wc,2e-06,1,DEFAULT_FROM_NETLIST_ABSENCE,1,DEFAULT_FROM_NETLIST_ABSENCE
mn_m2,n18,m,d,x2,vss,ln,2e-07,wc,2e-06,1,DEFAULT_FROM_NETLIST_ABSENCE,1,DEFAULT_FROM_NETLIST_ABSENCE
mn_s1,n18,y2,clk,vss,vss,ln,2e-07,wc,2e-06,1,DEFAULT_FROM_NETLIST_ABSENCE,1,DEFAULT_FROM_NETLIST_ABSENCE
mn_s2,n18,q,m,y2,vss,ln,2e-07,wc,2e-06,1,DEFAULT_FROM_NETLIST_ABSENCE,1,DEFAULT_FROM_NETLIST_ABSENCE
mp_c,p18,clkb,clk,vdd,vdd,ln,2e-07,wcp,4e-06,1,DEFAULT_FROM_NETLIST_ABSENCE,1,DEFAULT_FROM_NETLIST_ABSENCE
mp_k1,p18,mb,m,vdd,vdd,ln,2e-07,wkp,1e-06,1,DEFAULT_FROM_NETLIST_ABSENCE,1,DEFAULT_FROM_NETLIST_ABSENCE
mp_k2,p18,m,mb,vdd,vdd,ln,2e-07,wkp,1e-06,1,DEFAULT_FROM_NETLIST_ABSENCE,1,DEFAULT_FROM_NETLIST_ABSENCE
mp_k3,p18,qbar,q,vdd,vdd,ln,2e-07,wkp,1e-06,1,DEFAULT_FROM_NETLIST_ABSENCE,1,DEFAULT_FROM_NETLIST_ABSENCE
mp_k4,p18,q,qbar,vdd,vdd,ln,2e-07,wkp,1e-06,1,DEFAULT_FROM_NETLIST_ABSENCE,1,DEFAULT_FROM_NETLIST_ABSENCE
mp_m1,p18,x1,clk,vdd,vdd,ln,2e-07,wcp,4e-06,1,DEFAULT_FROM_NETLIST_ABSENCE,1,DEFAULT_FROM_NETLIST_ABSENCE
mp_m2,p18,m,d,x1,vdd,ln,2e-07,wcp,4e-06,1,DEFAULT_FROM_NETLIST_ABSENCE,1,DEFAULT_FROM_NETLIST_ABSENCE
mp_s1,p18,y1,clkb,vdd,vdd,ln,2e-07,wcp,4e-06,1,DEFAULT_FROM_NETLIST_ABSENCE,1,DEFAULT_FROM_NETLIST_ABSENCE
mp_s2,p18,q,m,y1,vdd,ln,2e-07,wcp,4e-06,1,DEFAULT_FROM_NETLIST_ABSENCE,1,DEFAULT_FROM_NETLIST_ABSENCE
