evidence_file,signal,t0_s,t1_s,op,limit,samples,min_V,max_V,verdict,violations
c2mos_assert_ff1_envtest_1.txt,q,1.4e-07,1.9e-07,gt,1.7,2500,1.8,1.8,OK,0
c2mos_assert_ff1_envtest_1.txt,q,2.2e-07,2.9e-07,gt,1.7,3507,1.79941,1.84122,OK,0
c2mos_assert_ff1_envtest_1.txt,qbar,1.4e-07,1.9e-07,lt,0.1,2500,6.33148e-09,6.33179e-09,OK,0
c2mos_assert_ff1_envtest_1.txt,qbar,2.2e-07,2.9e-07,lt,0.1,3507,-0.000364368,0.000283933,OK,0
c2mos_assert_ff1_envtest_1.txt,q,3.4e-07,3.9e-07,lt,0.1,2500,1.04325e-08,1.0996e-08,OK,0
c2mos_assert_ff1_envtest_1.txt,q,4.2e-07,4.9e-07,lt,0.1,3508,-0.0137425,0.0283385,OK,0
c2mos_assert_ff1_envtest_1.txt,qbar,3.4e-07,3.9e-07,gt,1.7,2500,1.8,1.8,OK,0
c2mos_assert_ff1_envtest_1.txt,qbar,4.2e-07,4.9e-07,gt,1.7,3508,1.79973,1.80097,OK,0
c2mos_assert_ff1_envtest_1.txt,q,5.4e-07,5.9e-07,gt,1.7,2500,1.8,1.8,OK,0
c2mos_assert_ff1_envtest_1.txt,q,6.2e-07,6.9e-07,gt,1.7,3508,1.79941,1.84136,OK,0
c2mos_assert_ff1_envtest_1.txt,qbar,5.4e-07,5.9e-07,lt,0.1,2500,5.37579e-09,7.17167e-09,OK,0
c2mos_assert_ff1_envtest_1.txt,qbar,6.2e-07,6.9e-07,lt,0.1,3508,-0.000365434,0.000296838,OK,0
c2mos_assert_ff1_envtest_1.txt,q,7.4e-07,7.9e-07,lt,0.1,2500,1.0425e-08,1.09929e-08,OK,0
c2mos_assert_ff1_envtest_1.txt,q,8.2e-07,8.9e-07,lt,0.1,3508,-0.0137393,0.028329,OK,0
c2mos_assert_ff1_envtest_1.txt,qbar,7.4e-07,7.9e-07,gt,1.7,2500,1.8,1.8,OK,0
c2mos_assert_ff1_envtest_1.txt,qbar,8.2e-07,8.9e-07,gt,1.7,3508,1.79973,1.80097,OK,0
c2mos_assert_ff1_envtest_2.txt,q,1.4e-07,1.9e-07,gt,1.7,2500,1.8,1.8,OK,0
c2mos_assert_ff1_envtest_2.txt,q,2.2e-07,2.9e-07,gt,1.7,3507,1.79941,1.84122,OK,0
c2mos_assert_ff1_envtest_2.txt,qbar,1.4e-07,1.9e-07,lt,0.1,2500,6.33148e-09,6.33179e-09,OK,0
c2mos_assert_ff1_envtest_2.txt,qbar,2.2e-07,2.9e-07,lt,0.1,3507,-0.000364368,0.000283933,OK,0
c2mos_assert_ff1_envtest_2.txt,q,3.4e-07,3.9e-07,lt,0.1,2500,1.04325e-08,1.0996e-08,OK,0
c2mos_assert_ff1_envtest_2.txt,q,4.2e-07,4.9e-07,lt,0.1,3508,-0.0137425,0.0283385,OK,0
c2mos_assert_ff1_envtest_2.txt,qbar,3.4e-07,3.9e-07,gt,1.7,2500,1.8,1.8,OK,0
c2mos_assert_ff1_envtest_2.txt,qbar,4.2e-07,4.9e-07,gt,1.7,3508,1.79973,1.80097,OK,0
c2mos_assert_ff1_envtest_2.txt,q,5.4e-07,5.9e-07,gt,1.7,2500,1.8,1.8,OK,0
c2mos_assert_ff1_envtest_2.txt,q,6.2e-07,6.9e-07,gt,1.7,3508,1.79941,1.84136,OK,0
c2mos_assert_ff1_envtest_2.txt,qbar,5.4e-07,5.9e-07,lt,0.1,2500,5.37579e-09,7.17167e-09,OK,0
c2mos_assert_ff1_envtest_2.txt,qbar,6.2e-07,6.9e-07,lt,0.1,3508,-0.000365434,0.000296838,OK,0
c2mos_assert_ff1_envtest_2.txt,q,7.4e-07,7.9e-07,lt,0.1,2500,1.0425e-08,1.09929e-08,OK,0
c2mos_assert_ff1_envtest_2.txt,q,8.2e-07,8.9e-07,lt,0.1,3508,-0.0137393,0.028329,OK,0
c2mos_assert_ff1_envtest_2.txt,qbar,7.4e-07,7.9e-07,gt,1.7,2500,1.8,1.8,OK,0
c2mos_assert_ff1_envtest_2.txt,qbar,8.2e-07,8.9e-07,gt,1.7,3508,1.79973,1.80097,OK,0
c2mos_assert_ff1_rev1_1.txt,q,1.4e-07,1.9e-07,gt,1.7,2500,1.8,1.8,OK,0
c2mos_assert_ff1_rev1_1.txt,q,2.2e-07,2.9e-07,gt,1.7,3507,1.79941,1.84122,OK,0
c2mos_assert_ff1_rev1_1.txt,qbar,1.4e-07,1.9e-07,lt,0.1,2500,6.33148e-09,6.33179e-09,OK,0
c2mos_assert_ff1_rev1_1.txt,qbar,2.2e-07,2.9e-07,lt,0.1,3507,-0.000364368,0.000283933,OK,0
c2mos_assert_ff1_rev1_1.txt,q,3.4e-07,3.9e-07,lt,0.1,2500,1.04325e-08,1.0996e-08,OK,0
c2mos_assert_ff1_rev1_1.txt,q,4.2e-07,4.9e-07,lt,0.1,3508,-0.0137425,0.0283385,OK,0
c2mos_assert_ff1_rev1_1.txt,qbar,3.4e-07,3.9e-07,gt,1.7,2500,1.8,1.8,OK,0
c2mos_assert_ff1_rev1_1.txt,qbar,4.2e-07,4.9e-07,gt,1.7,3508,1.79973,1.80097,OK,0
c2mos_assert_ff1_rev1_1.txt,q,5.4e-07,5.9e-07,gt,1.7,2500,1.8,1.8,OK,0
c2mos_assert_ff1_rev1_1.txt,q,6.2e-07,6.9e-07,gt,1.7,3508,1.79941,1.84136,OK,0
c2mos_assert_ff1_rev1_1.txt,qbar,5.4e-07,5.9e-07,lt,0.1,2500,5.37579e-09,7.17167e-09,OK,0
c2mos_assert_ff1_rev1_1.txt,qbar,6.2e-07,6.9e-07,lt,0.1,3508,-0.000365434,0.000296838,OK,0
c2mos_assert_ff1_rev1_1.txt,q,7.4e-07,7.9e-07,lt,0.1,2500,1.0425e-08,1.09929e-08,OK,0
c2mos_assert_ff1_rev1_1.txt,q,8.2e-07,8.9e-07,lt,0.1,3508,-0.0137393,0.028329,OK,0
c2mos_assert_ff1_rev1_1.txt,qbar,7.4e-07,7.9e-07,gt,1.7,2500,1.8,1.8,OK,0
c2mos_assert_ff1_rev1_1.txt,qbar,8.2e-07,8.9e-07,gt,1.7,3508,1.79973,1.80097,OK,0
c2mos_assert_ff1_rev1_2.txt,q,1.4e-07,1.9e-07,gt,1.7,2500,1.8,1.8,OK,0
c2mos_assert_ff1_rev1_2.txt,q,2.2e-07,2.9e-07,gt,1.7,3507,1.79941,1.84122,OK,0
c2mos_assert_ff1_rev1_2.txt,qbar,1.4e-07,1.9e-07,lt,0.1,2500,6.33148e-09,6.33179e-09,OK,0
c2mos_assert_ff1_rev1_2.txt,qbar,2.2e-07,2.9e-07,lt,0.1,3507,-0.000364368,0.000283933,OK,0
c2mos_assert_ff1_rev1_2.txt,q,3.4e-07,3.9e-07,lt,0.1,2500,1.04325e-08,1.0996e-08,OK,0
c2mos_assert_ff1_rev1_2.txt,q,4.2e-07,4.9e-07,lt,0.1,3508,-0.0137425,0.0283385,OK,0
c2mos_assert_ff1_rev1_2.txt,qbar,3.4e-07,3.9e-07,gt,1.7,2500,1.8,1.8,OK,0
c2mos_assert_ff1_rev1_2.txt,qbar,4.2e-07,4.9e-07,gt,1.7,3508,1.79973,1.80097,OK,0
c2mos_assert_ff1_rev1_2.txt,q,5.4e-07,5.9e-07,gt,1.7,2500,1.8,1.8,OK,0
c2mos_assert_ff1_rev1_2.txt,q,6.2e-07,6.9e-07,gt,1.7,3508,1.79941,1.84136,OK,0
c2mos_assert_ff1_rev1_2.txt,qbar,5.4e-07,5.9e-07,lt,0.1,2500,5.37579e-09,7.17167e-09,OK,0
c2mos_assert_ff1_rev1_2.txt,qbar,6.2e-07,6.9e-07,lt,0.1,3508,-0.000365434,0.000296838,OK,0
c2mos_assert_ff1_rev1_2.txt,q,7.4e-07,7.9e-07,lt,0.1,2500,1.0425e-08,1.09929e-08,OK,0
c2mos_assert_ff1_rev1_2.txt,q,8.2e-07,8.9e-07,lt,0.1,3508,-0.0137393,0.028329,OK,0
c2mos_assert_ff1_rev1_2.txt,qbar,7.4e-07,7.9e-07,gt,1.7,2500,1.8,1.8,OK,0
c2mos_assert_ff1_rev1_2.txt,qbar,8.2e-07,8.9e-07,gt,1.7,3508,1.79973,1.80097,OK,0
