instance_name,master,model,raw_L,raw_W,raw_finger_width,raw_fingers,raw_multiplier,cdf_L,cdf_W,resolved_L_m,resolved_effective_W_m,golden_L_m,golden_W_m,L_match,W_match,verdict
mn_c,smic18mmrf/n18:symbol,n18,ln,ABSENT,ABSENT,ABSENT,ABSENT,ln,220n,,,2e-07,2e-06,no,no,FAIL
mn_k1,smic18mmrf/n18:symbol,n18,ln,ABSENT,ABSENT,ABSENT,ABSENT,ln,220n,,,2e-07,5e-07,no,no,FAIL
mn_k2,smic18mmrf/n18:symbol,n18,ln,ABSENT,ABSENT,ABSENT,ABSENT,ln,220n,,,2e-07,5e-07,no,no,FAIL
mn_k3,smic18mmrf/n18:symbol,n18,ln,ABSENT,ABSENT,ABSENT,ABSENT,ln,220n,,,2e-07,5e-07,no,no,FAIL
mn_k4,smic18mmrf/n18:symbol,n18,ln,ABSENT,ABSENT,ABSENT,ABSENT,ln,220n,,,2e-07,5e-07,no,no,FAIL
mn_m1,smic18mmrf/n18:symbol,n18,ln,ABSENT,ABSENT,ABSENT,ABSENT,ln,220n,,,2e-07,2e-06,no,no,FAIL
mn_m2,smic18mmrf/n18:symbol,n18,ln,ABSENT,ABSENT,ABSENT,ABSENT,ln,220n,,,2e-07,2e-06,no,no,FAIL
mn_s1,smic18mmrf/n18:symbol,n18,ln,ABSENT,ABSENT,ABSENT,ABSENT,ln,220n,,,2e-07,2e-06,no,no,FAIL
mn_s2,smic18mmrf/n18:symbol,n18,ln,ABSENT,ABSENT,ABSENT,ABSENT,ln,220n,,,2e-07,2e-06,no,no,FAIL
mp_c,smic18mmrf/p18:symbol,p18,ln,ABSENT,ABSENT,ABSENT,ABSENT,ln,220n,,,2e-07,4e-06,no,no,FAIL
mp_k1,smic18mmrf/p18:symbol,p18,ln,ABSENT,ABSENT,ABSENT,ABSENT,ln,220n,,,2e-07,1e-06,no,no,FAIL
mp_k2,smic18mmrf/p18:symbol,p18,ln,ABSENT,ABSENT,ABSENT,ABSENT,ln,220n,,,2e-07,1e-06,no,no,FAIL
mp_k3,smic18mmrf/p18:symbol,p18,ln,ABSENT,ABSENT,ABSENT,ABSENT,ln,220n,,,2e-07,1e-06,no,no,FAIL
mp_k4,smic18mmrf/p18:symbol,p18,ln,ABSENT,ABSENT,ABSENT,ABSENT,ln,220n,,,2e-07,1e-06,no,no,FAIL
mp_m1,smic18mmrf/p18:symbol,p18,ln,ABSENT,ABSENT,ABSENT,ABSENT,ln,220n,,,2e-07,4e-06,no,no,FAIL
mp_m2,smic18mmrf/p18:symbol,p18,ln,ABSENT,ABSENT,ABSENT,ABSENT,ln,220n,,,2e-07,4e-06,no,no,FAIL
mp_s1,smic18mmrf/p18:symbol,p18,ln,ABSENT,ABSENT,ABSENT,ABSENT,ln,220n,,,2e-07,4e-06,no,no,FAIL
mp_s2,smic18mmrf/p18:symbol,p18,ln,ABSENT,ABSENT,ABSENT,ABSENT,ln,220n,,,2e-07,4e-06,no,no,FAIL
