corner,vsw_V,vout_device_V,iout_uA,err_pct,vbias_V
ss,0.000000,0.000000,-0.000000,-100.0000,0.951269
ss,0.020000,0.006333,1.366667,-90.8889,0.951269
ss,0.040000,0.012880,2.712006,-81.9200,0.951269
ss,0.060000,0.019665,4.033474,-73.1102,0.951269
ss,0.080000,0.026720,5.327965,-64.4802,0.951269
ss,0.100000,0.034084,6.591617,-56.0559,0.951269
ss,0.120000,0.041805,7.819528,-47.8698,0.951269
ss,0.140000,0.049947,9.005310,-39.9646,0.951269
ss,0.160000,0.058596,10.140376,-32.3975,0.951269
ss,0.180000,0.067873,11.212710,-25.2486,0.951269
ss,0.200000,0.077954,12.204616,-18.6359,0.951269
ss,0.220000,0.089117,13.088250,-12.7450,0.951269
ss,0.240000,0.101837,13.816336,-7.8911,0.951269
ss,0.260000,0.116909,14.309102,-4.6060,0.951269
ss,0.280000,0.134802,14.519782,-3.2015,0.951269
ss,0.300000,0.154079,14.592067,-2.7196,0.951269
ss,0.320000,0.173685,14.631489,-2.4567,0.951269
ss,0.340000,0.193399,14.660092,-2.2661,0.951269
ss,0.360000,0.213168,14.683231,-2.1118,0.951269
ss,0.380000,0.232971,14.702934,-1.9804,0.951269
ss,0.400000,0.252798,14.720220,-1.8652,0.951269
ss,0.420000,0.272643,14.735691,-1.7621,0.951269
ss,0.440000,0.292503,14.749740,-1.6684,0.951269
ss,0.460000,0.312374,14.762637,-1.5824,0.951269
ss,0.480000,0.332254,14.774579,-1.5028,0.951269
ss,0.500000,0.352143,14.785712,-1.4286,0.951269
ss,0.520000,0.372039,14.796146,-1.3590,0.951269
ss,0.540000,0.391940,14.805968,-1.2935,0.951269
ss,0.560000,0.411848,14.815243,-1.2317,0.951269
ss,0.580000,0.431760,14.824025,-1.1732,0.951269
ss,0.600000,0.451676,14.832351,-1.1177,0.951269
ss,0.620000,0.471597,14.840250,-1.0650,0.951269
ss,0.640000,0.491523,14.847742,-1.0151,0.951269
ss,0.660000,0.511452,14.854836,-0.9678,0.951269
ss,0.680000,0.531385,14.861532,-0.9231,0.951269
ss,0.700000,0.551322,14.867821,-0.8812,0.951269
ss,0.720000,0.571263,14.873685,-0.8421,0.951269
ss,0.740000,0.591209,14.879091,-0.8061,0.951269
ss,0.760000,0.611160,14.883996,-0.7734,0.951269
ss,0.780000,0.631117,14.888342,-0.7444,0.951269
ss,0.800000,0.651079,14.892054,-0.7196,0.951269
ss,0.820000,0.671050,14.895036,-0.6998,0.951269
ss,0.840000,0.691028,14.897180,-0.6855,0.951269
ss,0.860000,0.711016,14.898389,-0.6774,0.951269
ss,0.880000,0.731012,14.898810,-0.6746,0.951269
ss,0.900000,0.751011,14.898935,-0.6738,0.951269
ss,0.920000,0.771010,14.899000,-0.6733,0.951269
ss,0.940000,0.791010,14.899047,-0.6730,0.951269
ss,0.960000,0.811009,14.899084,-0.6728,0.951269
ss,0.980000,0.831009,14.899116,-0.6726,0.951269
ss,1.000000,0.851009,14.899145,-0.6724,0.951269
ss,1.020000,0.871008,14.899170,-0.6722,0.951269
ss,1.040000,0.891008,14.899193,-0.6720,0.951269
ss,1.060000,0.911008,14.899214,-0.6719,0.951269
ss,1.080000,0.931008,14.899233,-0.6718,0.951269
ss,1.100000,0.951007,14.899252,-0.6717,0.951269
ss,1.120000,0.971007,14.899269,-0.6715,0.951269
ss,1.140000,0.991007,14.899285,-0.6714,0.951269
ss,1.160000,1.011007,14.899301,-0.6713,0.951269
ss,1.180000,1.031007,14.899316,-0.6712,0.951269
ss,1.200000,1.051007,14.899330,-0.6711,0.951269
ss,1.220000,1.071007,14.899343,-0.6710,0.951269
ss,1.240000,1.091006,14.899356,-0.6710,0.951269
ss,1.260000,1.111006,14.899369,-0.6709,0.951269
ss,1.280000,1.131006,14.899381,-0.6708,0.951269
ss,1.300000,1.151006,14.899393,-0.6707,0.951269
ss,1.320000,1.171006,14.899405,-0.6706,0.951269
ss,1.340000,1.191006,14.899416,-0.6706,0.951269
ss,1.360000,1.211006,14.899427,-0.6705,0.951269
ss,1.380000,1.231006,14.899438,-0.6704,0.951269
ss,1.400000,1.251006,14.899448,-0.6703,0.951269
ss,1.420000,1.271005,14.899458,-0.6703,0.951269
ss,1.440000,1.291005,14.899468,-0.6702,0.951269
ss,1.460000,1.311005,14.899478,-0.6701,0.951269
ss,1.480000,1.331005,14.899488,-0.6701,0.951269
ss,1.500000,1.351005,14.899497,-0.6700,0.951269
ss,1.520000,1.371005,14.899506,-0.6700,0.951269
ss,1.540000,1.391005,14.899515,-0.6699,0.951269
ss,1.560000,1.411005,14.899524,-0.6698,0.951269
ss,1.580000,1.431005,14.899533,-0.6698,0.951269
ss,1.600000,1.451005,14.899542,-0.6697,0.951269
ss,1.620000,1.471004,14.899550,-0.6697,0.951269
ss,1.640000,1.491004,14.899559,-0.6696,0.951269
ss,1.660000,1.511004,14.899567,-0.6696,0.951269
ss,1.680000,1.531004,14.899575,-0.6695,0.951269
ss,1.700000,1.551004,14.899583,-0.6694,0.951269
ss,1.720000,1.571004,14.899591,-0.6694,0.951269
ss,1.740000,1.591004,14.899599,-0.6693,0.951269
ss,1.760000,1.611004,14.899607,-0.6693,0.951269
ss,1.780000,1.631004,14.899615,-0.6692,0.951269
ss,1.800000,1.651004,14.899622,-0.6692,0.951269
ss,1.820000,1.671004,14.899630,-0.6691,0.951269
ss,1.840000,1.691004,14.899637,-0.6691,0.951269
ss,1.860000,1.711004,14.899645,-0.6690,0.951269
ss,1.880000,1.731003,14.899652,-0.6690,0.951269
ss,1.900000,1.751003,14.899659,-0.6689,0.951269
ss,1.920000,1.771003,14.899666,-0.6689,0.951269
ss,1.940000,1.791003,14.899674,-0.6688,0.951269
ss,1.960000,1.811003,14.899681,-0.6688,0.951269
ss,1.980000,1.831003,14.899688,-0.6687,0.951269
ss,2.000000,1.851003,14.899695,-0.6687,0.951269
ss,2.020000,1.871003,14.899702,-0.6687,0.951269
ss,2.040000,1.891003,14.899709,-0.6686,0.951269
ss,2.060000,1.911003,14.899715,-0.6686,0.951269
ss,2.080000,1.931003,14.899722,-0.6685,0.951269
ss,2.100000,1.951003,14.899729,-0.6685,0.951269
ss,2.120000,1.971003,14.899736,-0.6684,0.951269
ss,2.140000,1.991003,14.899743,-0.6684,0.951269
ss,2.160000,2.011003,14.899749,-0.6683,0.951269
ss,2.180000,2.031002,14.899756,-0.6683,0.951269
ss,2.200000,2.051002,14.899763,-0.6682,0.951269
ss,2.220000,2.071002,14.899770,-0.6682,0.951269
ss,2.240000,2.091002,14.899777,-0.6682,0.951269
ss,2.260000,2.111002,14.899784,-0.6681,0.951269
ss,2.280000,2.131002,14.899792,-0.6681,0.951269
ss,2.300000,2.151002,14.899799,-0.6680,0.951269
ss,2.320000,2.171002,14.899807,-0.6680,0.951269
ss,2.340000,2.191002,14.899816,-0.6679,0.951269
ss,2.360000,2.211002,14.899824,-0.6678,0.951269
ss,2.380000,2.231002,14.899834,-0.6678,0.951269
ss,2.400000,2.251002,14.899844,-0.6677,0.951269
ss,2.420000,2.271001,14.899856,-0.6676,0.951269
ss,2.440000,2.291001,14.899868,-0.6675,0.951269
ss,2.460000,2.311001,14.899882,-0.6675,0.951269
ss,2.480000,2.331001,14.899897,-0.6674,0.951269
ss,2.500000,2.351001,14.899914,-0.6672,0.951269
ss,2.520000,2.371001,14.899934,-0.6671,0.951269
ss,2.540000,2.391000,14.899956,-0.6670,0.951269
ss,2.560000,2.411000,14.899982,-0.6668,0.951269
ss,2.580000,2.431000,14.900011,-0.6666,0.951269
ss,2.600000,2.451000,14.900044,-0.6664,0.951269
ss,2.620000,2.470999,14.900082,-0.6661,0.951269
ss,2.640000,2.490999,14.900126,-0.6658,0.951269
ss,2.660000,2.510998,14.900176,-0.6655,0.951269
ss,2.680000,2.530998,14.900233,-0.6651,0.951269
ss,2.700000,2.550997,14.900298,-0.6647,0.951269
ss,2.720000,2.570996,14.900373,-0.6642,0.951269
ss,2.740000,2.590995,14.900459,-0.6636,0.951269
ss,2.760000,2.610994,14.900556,-0.6630,0.951269
ss,2.780000,2.630993,14.900667,-0.6622,0.951269
ss,2.800000,2.650992,14.900793,-0.6614,0.951269
ss,2.820000,2.670991,14.900935,-0.6604,0.951269
ss,2.840000,2.690989,14.901096,-0.6594,0.951269
ss,2.860000,2.710987,14.901278,-0.6581,0.951269
ss,2.880000,2.730985,14.901483,-0.6568,0.951269
ss,2.900000,2.750983,14.901713,-0.6552,0.951269
ss,2.920000,2.770980,14.901972,-0.6535,0.951269
ss,2.940000,2.790977,14.902261,-0.6516,0.951269
ss,2.960000,2.810974,14.902584,-0.6494,0.951269
ss,2.980000,2.830971,14.902945,-0.6470,0.951269
ss,3.000000,2.850967,14.903346,-0.6444,0.951269
ss,3.020000,2.870962,14.903792,-0.6414,0.951269
ss,3.040000,2.890957,14.904286,-0.6381,0.951269
ss,3.060000,2.910952,14.904833,-0.6344,0.951269
ss,3.080000,2.930946,14.905437,-0.6304,0.951269
ss,3.100000,2.950939,14.906103,-0.6260,0.951269
ss,3.120000,2.970932,14.906836,-0.6211,0.951269
ss,3.140000,2.990924,14.907642,-0.6157,0.951269
ss,3.160000,3.010915,14.908526,-0.6098,0.951269
ss,3.180000,3.030905,14.909494,-0.6034,0.951269
ss,3.200000,3.050894,14.910553,-0.5963,0.951269
ss,3.220000,3.070883,14.911709,-0.5886,0.951269
ss,3.240000,3.090870,14.912969,-0.5802,0.951269
ss,3.260000,3.110857,14.914341,-0.5711,0.951269
ss,3.280000,3.130842,14.915832,-0.5611,0.951269
ss,3.300000,3.150825,14.917450,-0.5503,0.951269
ff,0.000000,-0.000000,0.000000,-100.0000,0.818122
ff,0.020000,0.005949,1.405134,-90.6324,0.818122
ff,0.040000,0.012112,2.788798,-81.4080,0.818122
ff,0.060000,0.018517,4.148262,-72.3449,0.818122
ff,0.080000,0.025198,5.480151,-63.4657,0.818122
ff,0.100000,0.032198,6.780207,-54.7986,0.818122
ff,0.120000,0.039571,8.042935,-46.3804,0.818122
ff,0.140000,0.047390,9.261029,-38.2598,0.818122
ff,0.160000,0.055756,10.424411,-30.5039,0.818122
ff,0.180000,0.064815,11.518511,-23.2099,0.818122
ff,0.200000,0.074791,12.520919,-16.5272,0.818122
ff,0.220000,0.086057,13.394318,-10.7045,0.818122
ff,0.240000,0.099285,14.071513,-6.1899,0.818122
ff,0.260000,0.115469,14.453147,-3.6457,0.818122
ff,0.280000,0.134176,14.582375,-2.7842,0.818122
ff,0.300000,0.153638,14.636200,-2.4253,0.818122
ff,0.320000,0.173291,14.670900,-2.1940,0.818122
ff,0.340000,0.193024,14.697612,-2.0159,0.818122
ff,0.360000,0.212802,14.719764,-1.8682,0.818122
ff,0.380000,0.232611,14.738884,-1.7408,0.818122
ff,0.400000,0.252442,14.755811,-1.6279,0.818122
ff,0.420000,0.272289,14.771065,-1.5262,0.818122
ff,0.440000,0.292150,14.784998,-1.4333,0.818122
ff,0.460000,0.312021,14.797854,-1.3476,0.818122
ff,0.480000,0.331902,14.809817,-1.2679,0.818122
ff,0.500000,0.351790,14.821024,-1.1932,0.818122
ff,0.520000,0.371684,14.831580,-1.1228,0.818122
ff,0.540000,0.391584,14.841570,-1.0562,0.818122
ff,0.560000,0.411489,14.851061,-0.9929,0.818122
ff,0.580000,0.431399,14.860106,-0.9326,0.818122
ff,0.600000,0.451312,14.868750,-0.8750,0.818122
ff,0.620000,0.471230,14.877028,-0.8198,0.818122
ff,0.640000,0.491150,14.884968,-0.7669,0.818122
ff,0.660000,0.511074,14.892591,-0.7161,0.818122
ff,0.680000,0.531001,14.899915,-0.6672,0.818122
ff,0.700000,0.550931,14.906950,-0.6203,0.818122
ff,0.720000,0.570863,14.913702,-0.5753,0.818122
ff,0.740000,0.590798,14.920171,-0.5322,0.818122
ff,0.760000,0.610736,14.926352,-0.4910,0.818122
ff,0.780000,0.630678,14.932231,-0.4518,0.818122
ff,0.800000,0.650622,14.937787,-0.4148,0.818122
ff,0.820000,0.670570,14.942990,-0.3801,0.818122
ff,0.840000,0.690522,14.947799,-0.3480,0.818122
ff,0.860000,0.710478,14.952159,-0.3189,0.818122
ff,0.880000,0.730440,14.955999,-0.2933,0.818122
ff,0.900000,0.750408,14.959232,-0.2718,0.818122
ff,0.920000,0.770382,14.961750,-0.2550,0.818122
ff,0.940000,0.790366,14.963429,-0.2438,0.818122
ff,0.960000,0.810358,14.964212,-0.2386,0.818122
ff,0.980000,0.830356,14.964435,-0.2371,0.818122
ff,1.000000,0.850355,14.964516,-0.2366,0.818122
ff,1.020000,0.870354,14.964567,-0.2362,0.818122
ff,1.040000,0.890354,14.964605,-0.2360,0.818122
ff,1.060000,0.910354,14.964637,-0.2358,0.818122
ff,1.080000,0.930353,14.964664,-0.2356,0.818122
ff,1.100000,0.950353,14.964688,-0.2354,0.818122
ff,1.120000,0.970353,14.964710,-0.2353,0.818122
ff,1.140000,0.990353,14.964730,-0.2351,0.818122
ff,1.160000,1.010353,14.964748,-0.2350,0.818122
ff,1.180000,1.030352,14.964765,-0.2349,0.818122
ff,1.200000,1.050352,14.964782,-0.2348,0.818122
ff,1.220000,1.070352,14.964797,-0.2347,0.818122
ff,1.240000,1.090352,14.964811,-0.2346,0.818122
ff,1.260000,1.110352,14.964825,-0.2345,0.818122
ff,1.280000,1.130352,14.964838,-0.2344,0.818122
ff,1.300000,1.150351,14.964850,-0.2343,0.818122
ff,1.320000,1.170351,14.964862,-0.2343,0.818122
ff,1.340000,1.190351,14.964874,-0.2342,0.818122
ff,1.360000,1.210351,14.964885,-0.2341,0.818122
ff,1.380000,1.230351,14.964896,-0.2340,0.818122
ff,1.400000,1.250351,14.964907,-0.2340,0.818122
ff,1.420000,1.270351,14.964917,-0.2339,0.818122
ff,1.440000,1.290351,14.964927,-0.2338,0.818122
ff,1.460000,1.310351,14.964937,-0.2338,0.818122
ff,1.480000,1.330351,14.964946,-0.2337,0.818122
ff,1.500000,1.350350,14.964956,-0.2336,0.818122
ff,1.520000,1.370350,14.964965,-0.2336,0.818122
ff,1.540000,1.390350,14.964974,-0.2335,0.818122
ff,1.560000,1.410350,14.964983,-0.2334,0.818122
ff,1.580000,1.430350,14.964991,-0.2334,0.818122
ff,1.600000,1.450350,14.965000,-0.2333,0.818122
ff,1.620000,1.470350,14.965008,-0.2333,0.818122
ff,1.640000,1.490350,14.965016,-0.2332,0.818122
ff,1.660000,1.510350,14.965024,-0.2332,0.818122
ff,1.680000,1.530350,14.965032,-0.2331,0.818122
ff,1.700000,1.550350,14.965040,-0.2331,0.818122
ff,1.720000,1.570350,14.965048,-0.2330,0.818122
ff,1.740000,1.590349,14.965056,-0.2330,0.818122
ff,1.760000,1.610349,14.965063,-0.2329,0.818122
ff,1.780000,1.630349,14.965071,-0.2329,0.818122
ff,1.800000,1.650349,14.965078,-0.2328,0.818122
ff,1.820000,1.670349,14.965085,-0.2328,0.818122
ff,1.840000,1.690349,14.965092,-0.2327,0.818122
ff,1.860000,1.710349,14.965100,-0.2327,0.818122
ff,1.880000,1.730349,14.965107,-0.2326,0.818122
ff,1.900000,1.750349,14.965114,-0.2326,0.818122
ff,1.920000,1.770349,14.965121,-0.2325,0.818122
ff,1.940000,1.790349,14.965127,-0.2325,0.818122
ff,1.960000,1.810349,14.965134,-0.2324,0.818122
ff,1.980000,1.830349,14.965141,-0.2324,0.818122
ff,2.000000,1.850349,14.965148,-0.2323,0.818122
ff,2.020000,1.870348,14.965154,-0.2323,0.818122
ff,2.040000,1.890348,14.965161,-0.2323,0.818122
ff,2.060000,1.910348,14.965168,-0.2322,0.818122
ff,2.080000,1.930348,14.965174,-0.2322,0.818122
ff,2.100000,1.950348,14.965180,-0.2321,0.818122
ff,2.120000,1.970348,14.965187,-0.2321,0.818122
ff,2.140000,1.990348,14.965193,-0.2320,0.818122
ff,2.160000,2.010348,14.965200,-0.2320,0.818122
ff,2.180000,2.030348,14.965206,-0.2320,0.818122
ff,2.200000,2.050348,14.965212,-0.2319,0.818122
ff,2.220000,2.070348,14.965219,-0.2319,0.818122
ff,2.240000,2.090348,14.965225,-0.2318,0.818122
ff,2.260000,2.110348,14.965231,-0.2318,0.818122
ff,2.280000,2.130348,14.965238,-0.2317,0.818122
ff,2.300000,2.150348,14.965244,-0.2317,0.818122
ff,2.320000,2.170347,14.965251,-0.2317,0.818122
ff,2.340000,2.190347,14.965258,-0.2316,0.818122
ff,2.360000,2.210347,14.965265,-0.2316,0.818122
ff,2.380000,2.230347,14.965272,-0.2315,0.818122
ff,2.400000,2.250347,14.965279,-0.2315,0.818122
ff,2.420000,2.270347,14.965287,-0.2314,0.818122
ff,2.440000,2.290347,14.965295,-0.2314,0.818122
ff,2.460000,2.310347,14.965304,-0.2313,0.818122
ff,2.480000,2.330347,14.965313,-0.2312,0.818122
ff,2.500000,2.350347,14.965324,-0.2312,0.818122
ff,2.520000,2.370347,14.965335,-0.2311,0.818122
ff,2.540000,2.390347,14.965348,-0.2310,0.818122
ff,2.560000,2.410346,14.965362,-0.2309,0.818122
ff,2.580000,2.430346,14.965378,-0.2308,0.818122
ff,2.600000,2.450346,14.965396,-0.2307,0.818122
ff,2.620000,2.470346,14.965417,-0.2306,0.818122
ff,2.640000,2.490346,14.965440,-0.2304,0.818122
ff,2.660000,2.510345,14.965467,-0.2302,0.818122
ff,2.680000,2.530345,14.965498,-0.2300,0.818122
ff,2.700000,2.550345,14.965533,-0.2298,0.818122
ff,2.720000,2.570344,14.965573,-0.2295,0.818122
ff,2.740000,2.590344,14.965619,-0.2292,0.818122
ff,2.760000,2.610343,14.965672,-0.2289,0.818122
ff,2.780000,2.630343,14.965733,-0.2284,0.818122
ff,2.800000,2.650342,14.965803,-0.2280,0.818122
ff,2.820000,2.670341,14.965882,-0.2275,0.818122
ff,2.840000,2.690340,14.965973,-0.2268,0.818122
ff,2.860000,2.710339,14.966076,-0.2262,0.818122
ff,2.880000,2.730338,14.966194,-0.2254,0.818122
ff,2.900000,2.750337,14.966327,-0.2245,0.818122
ff,2.920000,2.770335,14.966478,-0.2235,0.818122
ff,2.940000,2.790334,14.966649,-0.2223,0.818122
ff,2.960000,2.810332,14.966841,-0.2211,0.818122
ff,2.980000,2.830329,14.967058,-0.2196,0.818122
ff,3.000000,2.850327,14.967302,-0.2180,0.818122
ff,3.020000,2.870324,14.967574,-0.2162,0.818122
ff,3.040000,2.890321,14.967880,-0.2141,0.818122
ff,3.060000,2.910318,14.968220,-0.2119,0.818122
ff,3.080000,2.930314,14.968600,-0.2093,0.818122
ff,3.100000,2.950310,14.969022,-0.2065,0.818122
ff,3.120000,2.970305,14.969491,-0.2034,0.818122
ff,3.140000,2.990300,14.970010,-0.1999,0.818122
ff,3.160000,3.010294,14.970584,-0.1961,0.818122
ff,3.180000,3.030288,14.971218,-0.1919,0.818122
ff,3.200000,3.050281,14.971916,-0.1872,0.818122
ff,3.220000,3.070273,14.972684,-0.1821,0.818122
ff,3.240000,3.090265,14.973528,-0.1765,0.818122
ff,3.260000,3.110255,14.974453,-0.1703,0.818122
ff,3.280000,3.130245,14.975465,-0.1636,0.818122
ff,3.300000,3.150234,14.976571,-0.1562,0.818122
tt,0.000000,0.000000,-0.000000,-100.0000,0.884261
tt,0.020000,0.006119,1.388134,-90.7458,0.884261
tt,0.040000,0.012451,2.754853,-81.6343,0.884261
tt,0.060000,0.019025,4.097510,-72.6833,0.884261
tt,0.080000,0.025872,5.412849,-63.9143,0.884261
tt,0.100000,0.033032,6.696787,-55.3548,0.884261
tt,0.120000,0.040559,7.944096,-47.0394,0.884261
tt,0.140000,0.048521,9.147886,-39.0141,0.884261
tt,0.160000,0.057012,10.298759,-31.3416,0.884261
tt,0.180000,0.066167,11.383330,-24.1111,0.884261
tt,0.200000,0.076186,12.381411,-17.4573,0.884261
tt,0.220000,0.087398,13.260236,-11.5984,0.884261
tt,0.240000,0.100378,13.962241,-6.9184,0.884261
tt,0.260000,0.116052,14.394816,-4.0346,0.884261
tt,0.280000,0.134454,14.554584,-2.9694,0.884261
tt,0.300000,0.153853,14.614741,-2.5684,0.884261
tt,0.320000,0.173488,14.651195,-2.3254,0.884261
tt,0.340000,0.193213,14.678653,-2.1423,0.884261
tt,0.360000,0.212988,14.701207,-1.9920,0.884261
tt,0.380000,0.232794,14.720568,-1.8629,0.884261
tt,0.400000,0.252624,14.737645,-1.7490,0.884261
tt,0.420000,0.272470,14.752991,-1.6467,0.884261
tt,0.440000,0.292330,14.766973,-1.5535,0.884261
tt,0.460000,0.312202,14.779848,-1.4677,0.884261
tt,0.480000,0.332082,14.791803,-1.3880,0.884261
tt,0.500000,0.351970,14.802980,-1.3135,0.884261
tt,0.520000,0.371865,14.813487,-1.2434,0.884261
tt,0.540000,0.391766,14.823409,-1.1773,0.884261
tt,0.560000,0.411672,14.832813,-1.1146,0.884261
tt,0.580000,0.431582,14.841753,-1.0550,0.884261
tt,0.600000,0.451497,14.850271,-0.9982,0.884261
tt,0.620000,0.471416,14.858399,-0.9440,0.884261
tt,0.640000,0.491338,14.866162,-0.8923,0.884261
tt,0.660000,0.511264,14.873579,-0.8428,0.884261
tt,0.680000,0.531193,14.880659,-0.7956,0.884261
tt,0.700000,0.551126,14.887407,-0.7506,0.884261
tt,0.720000,0.571062,14.893818,-0.7079,0.884261
tt,0.740000,0.591001,14.899881,-0.6675,0.884261
tt,0.760000,0.610944,14.905575,-0.6295,0.884261
tt,0.780000,0.630891,14.910868,-0.5942,0.884261
tt,0.800000,0.650843,14.915718,-0.5619,0.884261
tt,0.820000,0.670799,14.920066,-0.5329,0.884261
tt,0.840000,0.690762,14.923840,-0.5077,0.884261
tt,0.860000,0.710731,14.926947,-0.4870,0.884261
tt,0.880000,0.730707,14.929277,-0.4715,0.884261
tt,0.900000,0.750693,14.930713,-0.4619,0.884261
tt,0.920000,0.770687,14.931286,-0.4581,0.884261
tt,0.940000,0.790686,14.931446,-0.4570,0.884261
tt,0.960000,0.810685,14.931517,-0.4566,0.884261
tt,0.980000,0.830684,14.931565,-0.4562,0.884261
tt,1.000000,0.850684,14.931602,-0.4560,0.884261
tt,1.020000,0.870684,14.931634,-0.4558,0.884261
tt,1.040000,0.890683,14.931662,-0.4556,0.884261
tt,1.060000,0.910683,14.931686,-0.4554,0.884261
tt,1.080000,0.930683,14.931708,-0.4553,0.884261
tt,1.100000,0.950683,14.931729,-0.4551,0.884261
tt,1.120000,0.970683,14.931748,-0.4550,0.884261
tt,1.140000,0.990682,14.931765,-0.4549,0.884261
tt,1.160000,1.010682,14.931782,-0.4548,0.884261
tt,1.180000,1.030682,14.931797,-0.4547,0.884261
tt,1.200000,1.050682,14.931812,-0.4546,0.884261
tt,1.220000,1.070682,14.931826,-0.4545,0.884261
tt,1.240000,1.090682,14.931840,-0.4544,0.884261
tt,1.260000,1.110681,14.931853,-0.4543,0.884261
tt,1.280000,1.130681,14.931865,-0.4542,0.884261
tt,1.300000,1.150681,14.931877,-0.4542,0.884261
tt,1.320000,1.170681,14.931889,-0.4541,0.884261
tt,1.340000,1.190681,14.931900,-0.4540,0.884261
tt,1.360000,1.210681,14.931911,-0.4539,0.884261
tt,1.380000,1.230681,14.931922,-0.4539,0.884261
tt,1.400000,1.250681,14.931932,-0.4538,0.884261
tt,1.420000,1.270681,14.931942,-0.4537,0.884261
tt,1.440000,1.290680,14.931952,-0.4537,0.884261
tt,1.460000,1.310680,14.931962,-0.4536,0.884261
tt,1.480000,1.330680,14.931972,-0.4535,0.884261
tt,1.500000,1.350680,14.931981,-0.4535,0.884261
tt,1.520000,1.370680,14.931990,-0.4534,0.884261
tt,1.540000,1.390680,14.931999,-0.4533,0.884261
tt,1.560000,1.410680,14.932008,-0.4533,0.884261
tt,1.580000,1.430680,14.932016,-0.4532,0.884261
tt,1.600000,1.450680,14.932025,-0.4532,0.884261
tt,1.620000,1.470680,14.932033,-0.4531,0.884261
tt,1.640000,1.490680,14.932041,-0.4531,0.884261
tt,1.660000,1.510680,14.932049,-0.4530,0.884261
tt,1.680000,1.530679,14.932057,-0.4530,0.884261
tt,1.700000,1.550679,14.932065,-0.4529,0.884261
tt,1.720000,1.570679,14.932073,-0.4528,0.884261
tt,1.740000,1.590679,14.932081,-0.4528,0.884261
tt,1.760000,1.610679,14.932089,-0.4527,0.884261
tt,1.780000,1.630679,14.932096,-0.4527,0.884261
tt,1.800000,1.650679,14.932103,-0.4526,0.884261
tt,1.820000,1.670679,14.932111,-0.4526,0.884261
tt,1.840000,1.690679,14.932118,-0.4525,0.884261
tt,1.860000,1.710679,14.932125,-0.4525,0.884261
tt,1.880000,1.730679,14.932132,-0.4525,0.884261
tt,1.900000,1.750679,14.932140,-0.4524,0.884261
tt,1.920000,1.770679,14.932147,-0.4524,0.884261
tt,1.940000,1.790678,14.932153,-0.4523,0.884261
tt,1.960000,1.810678,14.932160,-0.4523,0.884261
tt,1.980000,1.830678,14.932167,-0.4522,0.884261
tt,2.000000,1.850678,14.932174,-0.4522,0.884261
tt,2.020000,1.870678,14.932181,-0.4521,0.884261
tt,2.040000,1.890678,14.932187,-0.4521,0.884261
tt,2.060000,1.910678,14.932194,-0.4520,0.884261
tt,2.080000,1.930678,14.932201,-0.4520,0.884261
tt,2.100000,1.950678,14.932207,-0.4520,0.884261
tt,2.120000,1.970678,14.932214,-0.4519,0.884261
tt,2.140000,1.990678,14.932220,-0.4519,0.884261
tt,2.160000,2.010678,14.932227,-0.4518,0.884261
tt,2.180000,2.030678,14.932233,-0.4518,0.884261
tt,2.200000,2.050678,14.932240,-0.4517,0.884261
tt,2.220000,2.070678,14.932246,-0.4517,0.884261
tt,2.240000,2.090677,14.932253,-0.4516,0.884261
tt,2.260000,2.110677,14.932259,-0.4516,0.884261
tt,2.280000,2.130677,14.932266,-0.4516,0.884261
tt,2.300000,2.150677,14.932273,-0.4515,0.884261
tt,2.320000,2.170677,14.932280,-0.4515,0.884261
tt,2.340000,2.190677,14.932287,-0.4514,0.884261
tt,2.360000,2.210677,14.932295,-0.4514,0.884261
tt,2.380000,2.230677,14.932303,-0.4513,0.884261
tt,2.400000,2.250677,14.932311,-0.4513,0.884261
tt,2.420000,2.270677,14.932320,-0.4512,0.884261
tt,2.440000,2.290677,14.932330,-0.4511,0.884261
tt,2.460000,2.310677,14.932341,-0.4511,0.884261
tt,2.480000,2.330676,14.932353,-0.4510,0.884261
tt,2.500000,2.350676,14.932366,-0.4509,0.884261
tt,2.520000,2.370676,14.932381,-0.4508,0.884261
tt,2.540000,2.390676,14.932397,-0.4507,0.884261
tt,2.560000,2.410676,14.932416,-0.4506,0.884261
tt,2.580000,2.430676,14.932437,-0.4504,0.884261
tt,2.600000,2.450675,14.932461,-0.4503,0.884261
tt,2.620000,2.470675,14.932489,-0.4501,0.884261
tt,2.640000,2.490675,14.932521,-0.4499,0.884261
tt,2.660000,2.510674,14.932558,-0.4496,0.884261
tt,2.680000,2.530674,14.932600,-0.4493,0.884261
tt,2.700000,2.550674,14.932648,-0.4490,0.884261
tt,2.720000,2.570673,14.932703,-0.4486,0.884261
tt,2.740000,2.590672,14.932766,-0.4482,0.884261
tt,2.760000,2.610672,14.932838,-0.4477,0.884261
tt,2.780000,2.630671,14.932921,-0.4472,0.884261
tt,2.800000,2.650670,14.933015,-0.4466,0.884261
tt,2.820000,2.670669,14.933122,-0.4459,0.884261
tt,2.840000,2.690668,14.933243,-0.4450,0.884261
tt,2.860000,2.710666,14.933381,-0.4441,0.884261
tt,2.880000,2.730665,14.933538,-0.4431,0.884261
tt,2.900000,2.750663,14.933714,-0.4419,0.884261
tt,2.920000,2.770661,14.933913,-0.4406,0.884261
tt,2.940000,2.790659,14.934136,-0.4391,0.884261
tt,2.960000,2.810656,14.934387,-0.4374,0.884261
tt,2.980000,2.830653,14.934669,-0.4355,0.884261
tt,3.000000,2.850650,14.934983,-0.4334,0.884261
tt,3.020000,2.870647,14.935334,-0.4311,0.884261
tt,3.040000,2.890643,14.935725,-0.4285,0.884261
tt,3.060000,2.910638,14.936159,-0.4256,0.884261
tt,3.080000,2.930634,14.936641,-0.4224,0.884261
tt,3.100000,2.950628,14.937174,-0.4188,0.884261
tt,3.120000,2.970622,14.937764,-0.4149,0.884261
tt,3.140000,2.990616,14.938415,-0.4106,0.884261
tt,3.160000,3.010609,14.939131,-0.4058,0.884261
tt,3.180000,3.030601,14.939919,-0.4005,0.884261
tt,3.200000,3.050592,14.940783,-0.3948,0.884261
tt,3.220000,3.070583,14.941730,-0.3885,0.884261
tt,3.240000,3.090572,14.942767,-0.3816,0.884261
tt,3.260000,3.110561,14.943899,-0.3740,0.884261
tt,3.280000,3.130549,14.945134,-0.3658,0.884261
tt,3.300000,3.150535,14.946478,-0.3568,0.884261
