label,samples,on_windows,off_windows,longest_on_window_s,turn_on_settling_s,turn_off_s,peak_uA,off_leakage_uA,band_pct,on_windows_not_settled,iout_method,vbias_shared_min_v,vbias_shared_max_v,vbias_shared_dev_v,gate_net_min_v,gate_net_max_v,on_settled_min_uA,on_settled_max_uA,on_settled_worst_err_pct
E_local_gate_n33_tt_l2e-6_w2e-5_T2e-7vout3.30_iprobe_S_2e-6_2e-6,1016,4,4,1.00715e-07,3.078e-08,8.601e-09,18.317639,0.162835,5.0,0,iprobe,0.678009,0.893148,0.206252,-0.012868,0.884261,14.970557,15.051312,0.3421
E_local_gate_n33_tt_l2e-6_w2e-5_T2e-7vout3.30_iprobe_S_2e-6_2e-5,1041,4,4,1.00839e-07,3.717e-08,NOT_FOUND,49.741494,1.331594,5.0,0,iprobe,0.389451,0.892187,0.494810,-0.230067,0.936607,14.958327,14.978509,0.2778
E_local_gate_n33_tt_l2e-6_w2e-5_T2e-7vout3.30_iprobe_S_5e-6_2e-6,1015,4,4,1.00751e-07,2.038e-08,9.467e-09,17.802589,0.217007,5.0,0,iprobe,0.698039,0.915200,0.186223,0.000000,0.884261,14.960841,14.960844,0.2611
E_local_gate_n33_tt_l2e-6_w2e-5_T2e-7vout3.30_iprobe_S_5e-6_2e-5,1044,4,4,1.00806e-07,2.668e-08,1.629e-08,42.238120,0.510366,5.0,0,iprobe,0.409879,0.905936,0.474382,-0.147290,0.884261,15.042599,15.160405,1.0694
E_local_gate_n33_tt_l2e-6_w2e-5_T2e-7vout3.30_iprobe_S_2e-5_2e-6,1017,4,4,1.00742e-07,1.471e-08,7.23e-09,24.644168,0.030001,5.0,0,iprobe,0.626183,1.018084,0.258078,0.000000,0.884261,15.028783,15.290177,1.9345
E_local_gate_n33_tt_l2e-6_w2e-5_T2e-7vout3.30_iprobe_S_2e-5_2e-5,1035,4,4,1.00909e-07,2.048e-08,7.459e-09,24.349939,0.056177,5.0,0,iprobe,0.631031,0.986421,0.253230,-0.029599,0.884261,14.971224,15.052755,0.3517
E_local_gate_n33_tt_l2e-6_w2e-5_T2e-7vout0.50_iprobe_S_5e-6_2e-6,1037,4,4,1.00986e-07,1.874e-08,2.719e-09,19.551292,0.084002,5.0,0,iprobe,0.693223,0.915850,0.191038,-0.000000,0.884261,14.879551,14.887272,0.8030
E_local_gate_n33_tt_l2e-6_w2e-5_T2e-7vout1.20_iprobe_S_5e-6_2e-6,1042,4,4,1.00888e-07,2.039e-08,9.193e-09,18.041272,0.136005,5.0,0,iprobe,0.698158,0.915448,0.186104,0.000000,0.884261,14.941255,14.957748,0.3916
E_local_gate_n33_tt_l2e-6_w2e-5_T2e-7vout0.50_iprobe_S_2e-5_2e-6,1034,4,4,1.00904e-07,1.891e-08,1.255e-09,30.527894,0.018358,5.0,0,iprobe,0.626214,1.018250,0.258047,-0.000000,0.884261,15.240534,15.412439,2.7496
E_local_gate_n33_tt_l2e-6_w2e-5_T2e-7vout1.20_iprobe_S_2e-5_2e-6,1036,4,4,1.00899e-07,1.273e-08,7.895e-09,25.159126,0.035072,5.0,0,iprobe,0.625963,1.019583,0.258299,0.000000,0.884261,14.945456,15.125370,0.8358
