static_e00_ch0,0,676,6.745e-07,0.000001,0.000001,0.000000,0.0000,100.0000,1.386894e-27,0.0000,0.000000e+00,iprobe,
static_e00_ch1,1,676,6.745e-07,0.000001,0.000001,0.000000,0.0000,100.0000,-3.309395e-26,0.0000,0.000000e+00,iprobe,
static_e01_ch0,0,676,6.745e-07,0.000001,0.000001,0.000000,0.0000,100.0000,-8.302389e-26,0.0000,0.000000e+00,iprobe,
static_e01_ch1,1,676,6.745e-07,14.931906,14.931906,0.000000,0.0000,0.4540,2.322868e-22,0.0000,0.000000e+00,iprobe,
static_e10_ch0,0,676,6.745e-07,14.931906,14.931906,0.000000,0.0000,0.4540,1.604113e-22,0.0000,0.000000e+00,iprobe,
static_e10_ch1,1,676,6.745e-07,0.000001,0.000001,0.000000,0.0000,100.0000,2.351555e-28,0.0000,0.000000e+00,iprobe,
static_e11_ch0,0,676,6.745e-07,14.931906,14.931906,0.000000,0.0000,0.4540,3.413014e-24,0.0000,0.000000e+00,iprobe,
static_e11_ch1,1,676,6.745e-07,14.931906,14.931906,0.000000,0.0000,0.4540,1.007868e-23,0.0000,0.000000e+00,iprobe,
toggling_neighbour_T9.765625e-6_slew1e-10,1,6757,3.29548e-05,14.931906,14.881967,8.807476,58.7165,59.1705,-3.914404e-13,0.0792,1.708617e-05,iprobe,1e-10 s, neighbour CH0 pulses; baseline from the static (1,1) run
toggling_neighbour_T9.765625e-6_slew1e-8,1,6723,3.29569e-05,14.931906,14.872912,7.869516,52.4634,52.9174,-3.909752e-13,0.0791,1.524419e-07,iprobe,1e-8 s, neighbour CH0 pulses; baseline from the static (1,1) run
toggling_neighbour_T9.765625e-6_slew1e-7,1,6659,3.29558e-05,14.931906,14.912207,2.363705,15.7580,16.2120,-4.464487e-13,0.0903,3.497876e-07,iprobe,1e-7 s, neighbour CH0 pulses; baseline from the static (1,1) run
