candidate,vsw_V,vout_device_V,iout_uA,err_pct,vbias_V,method
C_cascode_n33_tt_l2e-6_w2e-5_dc_iprobe,0.000000,0.000000,0.000000,-100.0000,0.884261,iprobe
C_cascode_n33_tt_l2e-6_w2e-5_dc_iprobe,0.020000,0.020000,4.290040,-71.3997,0.884261,iprobe
C_cascode_n33_tt_l2e-6_w2e-5_dc_iprobe,0.040000,0.040000,7.855070,-47.6329,0.884261,iprobe
C_cascode_n33_tt_l2e-6_w2e-5_dc_iprobe,0.060000,0.060000,10.670579,-28.8628,0.884261,iprobe
C_cascode_n33_tt_l2e-6_w2e-5_dc_iprobe,0.080000,0.080000,12.708470,-15.2769,0.884261,iprobe
C_cascode_n33_tt_l2e-6_w2e-5_dc_iprobe,0.100000,0.100000,13.945454,-7.0303,0.884261,iprobe
C_cascode_n33_tt_l2e-6_w2e-5_dc_iprobe,0.120000,0.120000,14.447539,-3.6831,0.884261,iprobe
C_cascode_n33_tt_l2e-6_w2e-5_dc_iprobe,0.140000,0.140000,14.576418,-2.8239,0.884261,iprobe
C_cascode_n33_tt_l2e-6_w2e-5_dc_iprobe,0.160000,0.160000,14.627625,-2.4825,0.884261,iprobe
C_cascode_n33_tt_l2e-6_w2e-5_dc_iprobe,0.180000,0.180000,14.660981,-2.2601,0.884261,iprobe
C_cascode_n33_tt_l2e-6_w2e-5_dc_iprobe,0.200000,0.200000,14.686839,-2.0877,0.884261,iprobe
C_cascode_n33_tt_l2e-6_w2e-5_dc_iprobe,0.220000,0.220000,14.708372,-1.9442,0.884261,iprobe
C_cascode_n33_tt_l2e-6_w2e-5_dc_iprobe,0.240000,0.240000,14.727005,-1.8200,0.884261,iprobe
C_cascode_n33_tt_l2e-6_w2e-5_dc_iprobe,0.260000,0.260000,14.743530,-1.7098,0.884261,iprobe
C_cascode_n33_tt_l2e-6_w2e-5_dc_iprobe,0.280000,0.280000,14.758438,-1.6104,0.884261,iprobe
C_cascode_n33_tt_l2e-6_w2e-5_dc_iprobe,0.300000,0.300000,14.772063,-1.5196,0.884261,iprobe
C_cascode_n33_tt_l2e-6_w2e-5_dc_iprobe,0.320000,0.320000,14.784639,-1.4357,0.884261,iprobe
C_cascode_n33_tt_l2e-6_w2e-5_dc_iprobe,0.340000,0.340000,14.796340,-1.3577,0.884261,iprobe
C_cascode_n33_tt_l2e-6_w2e-5_dc_iprobe,0.360000,0.360000,14.807296,-1.2847,0.884261,iprobe
C_cascode_n33_tt_l2e-6_w2e-5_dc_iprobe,0.380000,0.380000,14.817609,-1.2159,0.884261,iprobe
C_cascode_n33_tt_l2e-6_w2e-5_dc_iprobe,0.400000,0.400000,14.827359,-1.1509,0.884261,iprobe
C_cascode_n33_tt_l2e-6_w2e-5_dc_iprobe,0.420000,0.420000,14.836607,-1.0893,0.884261,iprobe
C_cascode_n33_tt_l2e-6_w2e-5_dc_iprobe,0.440000,0.440000,14.845403,-1.0306,0.884261,iprobe
C_cascode_n33_tt_l2e-6_w2e-5_dc_iprobe,0.460000,0.460000,14.853787,-0.9748,0.884261,iprobe
C_cascode_n33_tt_l2e-6_w2e-5_dc_iprobe,0.480000,0.480000,14.861788,-0.9214,0.884261,iprobe
C_cascode_n33_tt_l2e-6_w2e-5_dc_iprobe,0.500000,0.500000,14.869428,-0.8705,0.884261,iprobe
C_cascode_n33_tt_l2e-6_w2e-5_dc_iprobe,0.520000,0.520000,14.876724,-0.8218,0.884261,iprobe
C_cascode_n33_tt_l2e-6_w2e-5_dc_iprobe,0.540000,0.540000,14.883682,-0.7755,0.884261,iprobe
C_cascode_n33_tt_l2e-6_w2e-5_dc_iprobe,0.560000,0.560000,14.890303,-0.7313,0.884261,iprobe
C_cascode_n33_tt_l2e-6_w2e-5_dc_iprobe,0.580000,0.580000,14.896580,-0.6895,0.884261,iprobe
C_cascode_n33_tt_l2e-6_w2e-5_dc_iprobe,0.600000,0.600000,14.902498,-0.6500,0.884261,iprobe
C_cascode_n33_tt_l2e-6_w2e-5_dc_iprobe,0.620000,0.620000,14.908030,-0.6131,0.884261,iprobe
C_cascode_n33_tt_l2e-6_w2e-5_dc_iprobe,0.640000,0.640000,14.913141,-0.5791,0.884261,iprobe
C_cascode_n33_tt_l2e-6_w2e-5_dc_iprobe,0.660000,0.660000,14.917780,-0.5481,0.884261,iprobe
C_cascode_n33_tt_l2e-6_w2e-5_dc_iprobe,0.680000,0.680000,14.921882,-0.5208,0.884261,iprobe
C_cascode_n33_tt_l2e-6_w2e-5_dc_iprobe,0.700000,0.700000,14.925367,-0.4976,0.884261,iprobe
C_cascode_n33_tt_l2e-6_w2e-5_dc_iprobe,0.720000,0.720000,14.928133,-0.4791,0.884261,iprobe
C_cascode_n33_tt_l2e-6_w2e-5_dc_iprobe,0.740000,0.740000,14.930061,-0.4663,0.884261,iprobe
C_cascode_n33_tt_l2e-6_w2e-5_dc_iprobe,0.760000,0.760000,14.931068,-0.4595,0.884261,iprobe
C_cascode_n33_tt_l2e-6_w2e-5_dc_iprobe,0.780000,0.780000,14.931382,-0.4575,0.884261,iprobe
C_cascode_n33_tt_l2e-6_w2e-5_dc_iprobe,0.800000,0.800000,14.931483,-0.4568,0.884261,iprobe
C_cascode_n33_tt_l2e-6_w2e-5_dc_iprobe,0.820000,0.820000,14.931541,-0.4564,0.884261,iprobe
C_cascode_n33_tt_l2e-6_w2e-5_dc_iprobe,0.840000,0.840000,14.931583,-0.4561,0.884261,iprobe
C_cascode_n33_tt_l2e-6_w2e-5_dc_iprobe,0.860000,0.860000,14.931618,-0.4559,0.884261,iprobe
C_cascode_n33_tt_l2e-6_w2e-5_dc_iprobe,0.880000,0.880000,14.931647,-0.4557,0.884261,iprobe
C_cascode_n33_tt_l2e-6_w2e-5_dc_iprobe,0.900000,0.900000,14.931673,-0.4555,0.884261,iprobe
C_cascode_n33_tt_l2e-6_w2e-5_dc_iprobe,0.920000,0.920000,14.931697,-0.4554,0.884261,iprobe
C_cascode_n33_tt_l2e-6_w2e-5_dc_iprobe,0.940000,0.940000,14.931718,-0.4552,0.884261,iprobe
C_cascode_n33_tt_l2e-6_w2e-5_dc_iprobe,0.960000,0.960000,14.931738,-0.4551,0.884261,iprobe
C_cascode_n33_tt_l2e-6_w2e-5_dc_iprobe,0.980000,0.980000,14.931756,-0.4550,0.884261,iprobe
C_cascode_n33_tt_l2e-6_w2e-5_dc_iprobe,1.000000,1.000000,14.931773,-0.4548,0.884261,iprobe
C_cascode_n33_tt_l2e-6_w2e-5_dc_iprobe,1.020000,1.020000,14.931789,-0.4547,0.884261,iprobe
C_cascode_n33_tt_l2e-6_w2e-5_dc_iprobe,1.040000,1.040000,14.931804,-0.4546,0.884261,iprobe
C_cascode_n33_tt_l2e-6_w2e-5_dc_iprobe,1.060000,1.060000,14.931819,-0.4545,0.884261,iprobe
C_cascode_n33_tt_l2e-6_w2e-5_dc_iprobe,1.080000,1.080000,14.931833,-0.4544,0.884261,iprobe
C_cascode_n33_tt_l2e-6_w2e-5_dc_iprobe,1.100000,1.100000,14.931846,-0.4544,0.884261,iprobe
C_cascode_n33_tt_l2e-6_w2e-5_dc_iprobe,1.120000,1.120000,14.931859,-0.4543,0.884261,iprobe
C_cascode_n33_tt_l2e-6_w2e-5_dc_iprobe,1.140000,1.140000,14.931871,-0.4542,0.884261,iprobe
C_cascode_n33_tt_l2e-6_w2e-5_dc_iprobe,1.160000,1.160000,14.931883,-0.4541,0.884261,iprobe
C_cascode_n33_tt_l2e-6_w2e-5_dc_iprobe,1.180000,1.180000,14.931894,-0.4540,0.884261,iprobe
C_cascode_n33_tt_l2e-6_w2e-5_dc_iprobe,1.200000,1.200000,14.931905,-0.4540,0.884261,iprobe
C_cascode_n33_tt_l2e-6_w2e-5_dc_iprobe,1.220000,1.220000,14.931916,-0.4539,0.884261,iprobe
C_cascode_n33_tt_l2e-6_w2e-5_dc_iprobe,1.240000,1.240000,14.931927,-0.4538,0.884261,iprobe
C_cascode_n33_tt_l2e-6_w2e-5_dc_iprobe,1.260000,1.260000,14.931937,-0.4538,0.884261,iprobe
C_cascode_n33_tt_l2e-6_w2e-5_dc_iprobe,1.280000,1.280000,14.931947,-0.4537,0.884261,iprobe
C_cascode_n33_tt_l2e-6_w2e-5_dc_iprobe,1.300000,1.300000,14.931957,-0.4536,0.884261,iprobe
C_cascode_n33_tt_l2e-6_w2e-5_dc_iprobe,1.320000,1.320000,14.931966,-0.4536,0.884261,iprobe
C_cascode_n33_tt_l2e-6_w2e-5_dc_iprobe,1.340000,1.340000,14.931976,-0.4535,0.884261,iprobe
C_cascode_n33_tt_l2e-6_w2e-5_dc_iprobe,1.360000,1.360000,14.931985,-0.4534,0.884261,iprobe
C_cascode_n33_tt_l2e-6_w2e-5_dc_iprobe,1.380000,1.380000,14.931994,-0.4534,0.884261,iprobe
C_cascode_n33_tt_l2e-6_w2e-5_dc_iprobe,1.400000,1.400000,14.932003,-0.4533,0.884261,iprobe
C_cascode_n33_tt_l2e-6_w2e-5_dc_iprobe,1.420000,1.420000,14.932012,-0.4533,0.884261,iprobe
C_cascode_n33_tt_l2e-6_w2e-5_dc_iprobe,1.440000,1.440000,14.932020,-0.4532,0.884261,iprobe
C_cascode_n33_tt_l2e-6_w2e-5_dc_iprobe,1.460000,1.460000,14.932029,-0.4531,0.884261,iprobe
C_cascode_n33_tt_l2e-6_w2e-5_dc_iprobe,1.480000,1.480000,14.932037,-0.4531,0.884261,iprobe
C_cascode_n33_tt_l2e-6_w2e-5_dc_iprobe,1.500000,1.500000,14.932045,-0.4530,0.884261,iprobe
C_cascode_n33_tt_l2e-6_w2e-5_dc_iprobe,1.520000,1.520000,14.932053,-0.4530,0.884261,iprobe
C_cascode_n33_tt_l2e-6_w2e-5_dc_iprobe,1.540000,1.540000,14.932061,-0.4529,0.884261,iprobe
C_cascode_n33_tt_l2e-6_w2e-5_dc_iprobe,1.560000,1.560000,14.932069,-0.4529,0.884261,iprobe
C_cascode_n33_tt_l2e-6_w2e-5_dc_iprobe,1.580000,1.580000,14.932077,-0.4528,0.884261,iprobe
C_cascode_n33_tt_l2e-6_w2e-5_dc_iprobe,1.600000,1.600000,14.932084,-0.4528,0.884261,iprobe
C_cascode_n33_tt_l2e-6_w2e-5_dc_iprobe,1.620000,1.620000,14.932092,-0.4527,0.884261,iprobe
C_cascode_n33_tt_l2e-6_w2e-5_dc_iprobe,1.640000,1.640000,14.932100,-0.4527,0.884261,iprobe
C_cascode_n33_tt_l2e-6_w2e-5_dc_iprobe,1.660000,1.660000,14.932107,-0.4526,0.884261,iprobe
C_cascode_n33_tt_l2e-6_w2e-5_dc_iprobe,1.680000,1.680000,14.932114,-0.4526,0.884261,iprobe
C_cascode_n33_tt_l2e-6_w2e-5_dc_iprobe,1.700000,1.700000,14.932121,-0.4525,0.884261,iprobe
C_cascode_n33_tt_l2e-6_w2e-5_dc_iprobe,1.720000,1.720000,14.932129,-0.4525,0.884261,iprobe
C_cascode_n33_tt_l2e-6_w2e-5_dc_iprobe,1.740000,1.740000,14.932136,-0.4524,0.884261,iprobe
C_cascode_n33_tt_l2e-6_w2e-5_dc_iprobe,1.760000,1.760000,14.932143,-0.4524,0.884261,iprobe
C_cascode_n33_tt_l2e-6_w2e-5_dc_iprobe,1.780000,1.780000,14.932150,-0.4523,0.884261,iprobe
C_cascode_n33_tt_l2e-6_w2e-5_dc_iprobe,1.800000,1.800000,14.932157,-0.4523,0.884261,iprobe
C_cascode_n33_tt_l2e-6_w2e-5_dc_iprobe,1.820000,1.820000,14.932164,-0.4522,0.884261,iprobe
C_cascode_n33_tt_l2e-6_w2e-5_dc_iprobe,1.840000,1.840000,14.932170,-0.4522,0.884261,iprobe
C_cascode_n33_tt_l2e-6_w2e-5_dc_iprobe,1.860000,1.860000,14.932177,-0.4522,0.884261,iprobe
C_cascode_n33_tt_l2e-6_w2e-5_dc_iprobe,1.880000,1.880000,14.932184,-0.4521,0.884261,iprobe
C_cascode_n33_tt_l2e-6_w2e-5_dc_iprobe,1.900000,1.900000,14.932190,-0.4521,0.884261,iprobe
C_cascode_n33_tt_l2e-6_w2e-5_dc_iprobe,1.920000,1.920000,14.932197,-0.4520,0.884261,iprobe
C_cascode_n33_tt_l2e-6_w2e-5_dc_iprobe,1.940000,1.940000,14.932204,-0.4520,0.884261,iprobe
C_cascode_n33_tt_l2e-6_w2e-5_dc_iprobe,1.960000,1.960000,14.932210,-0.4519,0.884261,iprobe
C_cascode_n33_tt_l2e-6_w2e-5_dc_iprobe,1.980000,1.980000,14.932217,-0.4519,0.884261,iprobe
C_cascode_n33_tt_l2e-6_w2e-5_dc_iprobe,2.000000,2.000000,14.932223,-0.4518,0.884261,iprobe
C_cascode_n33_tt_l2e-6_w2e-5_dc_iprobe,2.020000,2.020000,14.932230,-0.4518,0.884261,iprobe
C_cascode_n33_tt_l2e-6_w2e-5_dc_iprobe,2.040000,2.040000,14.932236,-0.4518,0.884261,iprobe
C_cascode_n33_tt_l2e-6_w2e-5_dc_iprobe,2.060000,2.060000,14.932243,-0.4517,0.884261,iprobe
C_cascode_n33_tt_l2e-6_w2e-5_dc_iprobe,2.080000,2.080000,14.932249,-0.4517,0.884261,iprobe
C_cascode_n33_tt_l2e-6_w2e-5_dc_iprobe,2.100000,2.100000,14.932256,-0.4516,0.884261,iprobe
C_cascode_n33_tt_l2e-6_w2e-5_dc_iprobe,2.120000,2.120000,14.932262,-0.4516,0.884261,iprobe
C_cascode_n33_tt_l2e-6_w2e-5_dc_iprobe,2.140000,2.140000,14.932269,-0.4515,0.884261,iprobe
C_cascode_n33_tt_l2e-6_w2e-5_dc_iprobe,2.160000,2.160000,14.932276,-0.4515,0.884261,iprobe
C_cascode_n33_tt_l2e-6_w2e-5_dc_iprobe,2.180000,2.180000,14.932283,-0.4514,0.884261,iprobe
C_cascode_n33_tt_l2e-6_w2e-5_dc_iprobe,2.200000,2.200000,14.932291,-0.4514,0.884261,iprobe
C_cascode_n33_tt_l2e-6_w2e-5_dc_iprobe,2.220000,2.220000,14.932298,-0.4513,0.884261,iprobe
C_cascode_n33_tt_l2e-6_w2e-5_dc_iprobe,2.240000,2.240000,14.932307,-0.4513,0.884261,iprobe
C_cascode_n33_tt_l2e-6_w2e-5_dc_iprobe,2.260000,2.260000,14.932315,-0.4512,0.884261,iprobe
C_cascode_n33_tt_l2e-6_w2e-5_dc_iprobe,2.280000,2.280000,14.932325,-0.4512,0.884261,iprobe
C_cascode_n33_tt_l2e-6_w2e-5_dc_iprobe,2.300000,2.300000,14.932335,-0.4511,0.884261,iprobe
C_cascode_n33_tt_l2e-6_w2e-5_dc_iprobe,2.320000,2.320000,14.932346,-0.4510,0.884261,iprobe
C_cascode_n33_tt_l2e-6_w2e-5_dc_iprobe,2.340000,2.340000,14.932359,-0.4509,0.884261,iprobe
C_cascode_n33_tt_l2e-6_w2e-5_dc_iprobe,2.360000,2.360000,14.932373,-0.4508,0.884261,iprobe
C_cascode_n33_tt_l2e-6_w2e-5_dc_iprobe,2.380000,2.380000,14.932388,-0.4507,0.884261,iprobe
C_cascode_n33_tt_l2e-6_w2e-5_dc_iprobe,2.400000,2.400000,14.932406,-0.4506,0.884261,iprobe
C_cascode_n33_tt_l2e-6_w2e-5_dc_iprobe,2.420000,2.420000,14.932425,-0.4505,0.884261,iprobe
C_cascode_n33_tt_l2e-6_w2e-5_dc_iprobe,2.440000,2.440000,14.932448,-0.4503,0.884261,iprobe
C_cascode_n33_tt_l2e-6_w2e-5_dc_iprobe,2.460000,2.460000,14.932474,-0.4502,0.884261,iprobe
C_cascode_n33_tt_l2e-6_w2e-5_dc_iprobe,2.480000,2.480000,14.932504,-0.4500,0.884261,iprobe
C_cascode_n33_tt_l2e-6_w2e-5_dc_iprobe,2.500000,2.500000,14.932538,-0.4497,0.884261,iprobe
C_cascode_n33_tt_l2e-6_w2e-5_dc_iprobe,2.520000,2.520000,14.932577,-0.4495,0.884261,iprobe
C_cascode_n33_tt_l2e-6_w2e-5_dc_iprobe,2.540000,2.540000,14.932621,-0.4492,0.884261,iprobe
C_cascode_n33_tt_l2e-6_w2e-5_dc_iprobe,2.560000,2.560000,14.932672,-0.4489,0.884261,iprobe
C_cascode_n33_tt_l2e-6_w2e-5_dc_iprobe,2.580000,2.580000,14.932731,-0.4485,0.884261,iprobe
C_cascode_n33_tt_l2e-6_w2e-5_dc_iprobe,2.600000,2.600000,14.932798,-0.4480,0.884261,iprobe
C_cascode_n33_tt_l2e-6_w2e-5_dc_iprobe,2.620000,2.620000,14.932875,-0.4475,0.884261,iprobe
C_cascode_n33_tt_l2e-6_w2e-5_dc_iprobe,2.640000,2.640000,14.932963,-0.4469,0.884261,iprobe
C_cascode_n33_tt_l2e-6_w2e-5_dc_iprobe,2.660000,2.660000,14.933063,-0.4462,0.884261,iprobe
C_cascode_n33_tt_l2e-6_w2e-5_dc_iprobe,2.680000,2.680000,14.933177,-0.4455,0.884261,iprobe
C_cascode_n33_tt_l2e-6_w2e-5_dc_iprobe,2.700000,2.700000,14.933306,-0.4446,0.884261,iprobe
C_cascode_n33_tt_l2e-6_w2e-5_dc_iprobe,2.720000,2.720000,14.933452,-0.4437,0.884261,iprobe
C_cascode_n33_tt_l2e-6_w2e-5_dc_iprobe,2.740000,2.740000,14.933617,-0.4426,0.884261,iprobe
C_cascode_n33_tt_l2e-6_w2e-5_dc_iprobe,2.760000,2.760000,14.933804,-0.4413,0.884261,iprobe
C_cascode_n33_tt_l2e-6_w2e-5_dc_iprobe,2.780000,2.780000,14.934014,-0.4399,0.884261,iprobe
C_cascode_n33_tt_l2e-6_w2e-5_dc_iprobe,2.800000,2.800000,14.934250,-0.4383,0.884261,iprobe
C_cascode_n33_tt_l2e-6_w2e-5_dc_iprobe,2.820000,2.820000,14.934515,-0.4366,0.884261,iprobe
C_cascode_n33_tt_l2e-6_w2e-5_dc_iprobe,2.840000,2.840000,14.934811,-0.4346,0.884261,iprobe
C_cascode_n33_tt_l2e-6_w2e-5_dc_iprobe,2.860000,2.860000,14.935143,-0.4324,0.884261,iprobe
C_cascode_n33_tt_l2e-6_w2e-5_dc_iprobe,2.880000,2.880000,14.935512,-0.4299,0.884261,iprobe
C_cascode_n33_tt_l2e-6_w2e-5_dc_iprobe,2.900000,2.900000,14.935922,-0.4272,0.884261,iprobe
C_cascode_n33_tt_l2e-6_w2e-5_dc_iprobe,2.920000,2.920000,14.936379,-0.4241,0.884261,iprobe
C_cascode_n33_tt_l2e-6_w2e-5_dc_iprobe,2.940000,2.940000,14.936884,-0.4208,0.884261,iprobe
C_cascode_n33_tt_l2e-6_w2e-5_dc_iprobe,2.960000,2.960000,14.937443,-0.4170,0.884261,iprobe
C_cascode_n33_tt_l2e-6_w2e-5_dc_iprobe,2.980000,2.980000,14.938061,-0.4129,0.884261,iprobe
C_cascode_n33_tt_l2e-6_w2e-5_dc_iprobe,3.000000,3.000000,14.938742,-0.4084,0.884261,iprobe
C_cascode_n33_tt_l2e-6_w2e-5_dc_iprobe,3.020000,3.020000,14.939492,-0.4034,0.884261,iprobe
C_cascode_n33_tt_l2e-6_w2e-5_dc_iprobe,3.040000,3.040000,14.940315,-0.3979,0.884261,iprobe
C_cascode_n33_tt_l2e-6_w2e-5_dc_iprobe,3.060000,3.060000,14.941218,-0.3919,0.884261,iprobe
C_cascode_n33_tt_l2e-6_w2e-5_dc_iprobe,3.080000,3.080000,14.942207,-0.3853,0.884261,iprobe
C_cascode_n33_tt_l2e-6_w2e-5_dc_iprobe,3.100000,3.100000,14.943288,-0.3781,0.884261,iprobe
C_cascode_n33_tt_l2e-6_w2e-5_dc_iprobe,3.120000,3.120000,14.944469,-0.3702,0.884261,iprobe
C_cascode_n33_tt_l2e-6_w2e-5_dc_iprobe,3.140000,3.140000,14.945755,-0.3616,0.884261,iprobe
C_cascode_n33_tt_l2e-6_w2e-5_dc_iprobe,3.160000,3.160000,14.947155,-0.3523,0.884261,iprobe
C_cascode_n33_tt_l2e-6_w2e-5_dc_iprobe,3.180000,3.180000,14.948677,-0.3422,0.884261,iprobe
C_cascode_n33_tt_l2e-6_w2e-5_dc_iprobe,3.200000,3.200000,14.950328,-0.3311,0.884261,iprobe
C_cascode_n33_tt_l2e-6_w2e-5_dc_iprobe,3.220000,3.220000,14.952118,-0.3192,0.884261,iprobe
C_cascode_n33_tt_l2e-6_w2e-5_dc_iprobe,3.240000,3.240000,14.954054,-0.3063,0.884261,iprobe
C_cascode_n33_tt_l2e-6_w2e-5_dc_iprobe,3.260000,3.260000,14.956148,-0.2923,0.884261,iprobe
C_cascode_n33_tt_l2e-6_w2e-5_dc_iprobe,3.280000,3.280000,14.958407,-0.2773,0.884261,iprobe
C_cascode_n33_tt_l2e-6_w2e-5_dc_iprobe,3.300000,3.300000,14.960843,-0.2610,0.884261,iprobe
