static_e00_ch0,0,38,0.000000,15.000000,100.0000,1.0
static_e00_ch1,1,38,0.000000,15.000000,100.0000,1.0
static_e01_ch0,0,38,0.000000,15.000000,100.0000,1.0
static_e01_ch1,1,38,14.931812,0.068188,0.4546,1.0
static_e10_ch0,0,38,14.931812,0.068188,0.4546,1.0
static_e10_ch1,1,38,0.000000,15.000000,100.0000,1.0
static_e11_ch0,0,38,14.931813,0.068196,0.4546,1.0
static_e11_ch1,1,38,14.931813,0.068196,0.4546,1.0
toggling_neighbour_T2e-7,1,228,15.152531,2.911317,19.4088,1.0
toggling_neighbour_T9.765625e-6,1,276,15.113902,2.908760,19.3917,1.0
