static_e00_ch0,0,676,6.745e-07,0.000001,0.000001,0.000000,0.0000,100.0000,2.582273e-26,0.0000,0.000000e+00,iprobe,,0.884261,0.884261,0.000000,0.000000,0.000000,0.712,NO
static_e00_ch1,1,676,6.745e-07,0.000001,0.000001,0.000000,0.0000,100.0000,2.582273e-26,0.0000,0.000000e+00,iprobe,,0.884261,0.884261,0.000000,0.000000,0.000000,0.712,NO
static_e01_ch0,0,676,6.745e-07,0.000001,0.000001,0.000000,0.0000,100.0000,6.928834e-26,0.0000,0.000000e+00,iprobe,,0.884261,0.884261,0.000000,0.000000,0.000000,0.718,NO
static_e01_ch1,1,676,6.745e-07,14.931906,14.931906,0.000000,0.0000,0.4540,1.508002e-22,0.0000,0.000000e+00,iprobe,,0.884261,0.884261,0.884261,0.884261,0.000000,1.000,NO
static_e10_ch0,0,676,6.745e-07,14.931906,14.931906,0.000000,0.0000,0.4540,-9.296493e-23,0.0000,0.000000e+00,iprobe,,0.884261,0.884261,0.884261,0.884261,0.000000,0.853,NO
static_e10_ch1,1,676,6.745e-07,0.000001,0.000001,0.000000,0.0000,100.0000,-2.217597e-26,0.0000,0.000000e+00,iprobe,,0.884261,0.884261,0.000000,0.000000,0.000000,0.726,NO
static_e11_ch0,0,676,6.745e-07,14.931906,14.931906,0.000000,0.0000,0.4540,-1.034669e-24,0.0000,0.000000e+00,iprobe,,0.884261,0.884261,0.884261,0.884261,0.000000,1.000,NO
static_e11_ch1,1,676,6.745e-07,14.931906,14.931906,0.000000,0.0000,0.4540,-1.034669e-24,0.0000,0.000000e+00,iprobe,,0.884261,0.884261,0.884261,0.884261,0.000000,1.000,NO
toggling_neighbour_T2e-7_slew1e-10,1,803,6.74453e-07,14.931906,14.391363,8.915316,59.4354,59.8894,-3.892839e-13,3.8479,3.301789e-07,iprobe,"1e-10 s, neighbour CH0 pulses; baseline from the static (1,1) run",0.760952,0.963826,0.806536,0.888709,0.253662,0.769,YES
toggling_neighbour_T2e-7_slew1e-8,1,727,6.7443e-07,14.931906,14.274904,7.877330,52.5155,52.9695,-3.877065e-13,3.8324,1.816132e-07,iprobe,"1e-8 s, neighbour CH0 pulses; baseline from the static (1,1) run",0.806939,0.888420,0.819067,0.886313,0.003504,0.505,NO
toggling_neighbour_T9.765625e-6_slew1e-10,1,6757,3.29548e-05,14.931906,14.881972,8.808161,58.7211,59.1750,-3.914127e-13,0.0792,1.708616e-05,iprobe,"1e-10 s, neighbour CH0 pulses; baseline from the static (1,1) run",0.761251,0.962319,0.806786,0.888707,0.419053,0.978,YES
toggling_neighbour_T9.765625e-6_slew1e-8,1,6723,3.29569e-05,14.931906,14.872919,7.869613,52.4641,52.9181,-3.909535e-13,0.0791,1.524607e-07,iprobe,"1e-8 s, neighbour CH0 pulses; baseline from the static (1,1) run",0.806359,0.886715,0.819137,0.885474,0.004607,0.975,NO
toggling_neighbour_T9.765625e-6_slew1e-7,1,6659,3.29558e-05,14.931906,14.912209,2.363762,15.7584,16.2124,-4.464253e-13,0.0903,3.497897e-07,iprobe,"1e-7 s, neighbour CH0 pulses; baseline from the static (1,1) run",0.868025,0.884588,0.868573,0.884579,0.000069,0.967,NO
