label,channel,samples,observed_window_s,i_baseline_uA,mean_uA,peak_crosstalk_uA,peak_crosstalk_pct_of_target,peak_err_vs_target_pct,q_error_C,charge_error_pct,glitch_dur_s_above_1pct,iout_method,slew,vbias_shared_min_v,vbias_shared_max_v,gate_min_v,gate_max_v,ring_alternation_p2p_uA,ring_flip_ratio,adjacent_point_alternation
A_default_slew1e-10,1,7197,3.51548e-05,14.931906,14.885020,8.807476,58.7165,59.1705,-3.914406e-13,0.0742,1.708617e-05,iprobe,T=9.765625us method=default maxstep=5ns slew=1e-10 FRAME_SCALE,0.761256,0.962325,0.806788,0.888711,0.015709,0.979,YES
B_traponly_ms5e-9,1,7162,3.51519e-05,14.931906,14.876528,7.869516,52.4634,52.9174,-3.909752e-13,0.0741,1.524419e-07,iprobe,T=9.765625us slew=10ns method=traponly maxstep=5e-9,0.806361,0.886718,0.819138,0.885470,0.000618,0.976,NO
A_default_slew1e-8,1,7162,3.51519e-05,14.931906,14.876528,7.869516,52.4634,52.9174,-3.909752e-13,0.0741,1.524419e-07,iprobe,T=9.765625us method=default maxstep=5ns slew=1e-8 FRAME_SCALE,0.806361,0.886718,0.819138,0.885470,0.000618,0.976,NO
A_default_slew1e-7,1,7099,3.51558e-05,14.931906,14.913428,2.363705,15.7580,16.2120,-4.464488e-13,0.0847,3.497876e-07,iprobe,T=9.765625us method=default maxstep=5ns slew=1e-7 FRAME_SCALE,0.868026,0.884588,0.868573,0.884579,0.000068,0.969,NO
A_traponly_slew1e-10,1,7197,3.51548e-05,14.931906,14.885020,8.807476,58.7165,59.1705,-3.914406e-13,0.0742,1.708617e-05,iprobe,T=9.765625us method=traponly maxstep=5ns slew=1e-10 FRAME_SCALE,0.761256,0.962325,0.806788,0.888711,0.015709,0.979,YES
A_traponly_slew1e-8,1,7162,3.51519e-05,14.931906,14.876528,7.869516,52.4634,52.9174,-3.909752e-13,0.0741,1.524419e-07,iprobe,T=9.765625us method=traponly maxstep=5ns slew=1e-8 FRAME_SCALE,0.806361,0.886718,0.819138,0.885470,0.000618,0.976,NO
A_traponly_slew1e-7,1,7099,3.51558e-05,14.931906,14.913428,2.363705,15.7580,16.2120,-4.464488e-13,0.0847,3.497876e-07,iprobe,T=9.765625us method=traponly maxstep=5ns slew=1e-7 FRAME_SCALE,0.868026,0.884588,0.868573,0.884579,0.000068,0.969,NO
B_traponly_ms1e-9,1,35210,3.51554e-05,14.931906,14.918279,7.873005,52.4867,52.9407,-3.904125e-13,0.0740,1.825179e-07,iprobe,T=9.765625us slew=10ns method=traponly maxstep=1e-9,0.806365,0.888501,0.819145,0.886217,0.000104,0.990,NO
A_gear2only_slew1e-10,1,7222,3.51561e-05,14.931906,14.876106,8.988537,59.9236,60.3775,-3.861573e-13,0.0732,1.274914e-07,iprobe,T=9.765625us method=gear2only maxstep=5ns slew=1e-10 FRAME_SCALE,0.757964,0.959028,0.805577,0.888609,0.000000,0.240,NO
A_gear2only_slew1e-8,1,7192,3.51539e-05,14.931906,14.869278,7.876419,52.5095,52.9634,-3.822432e-13,0.0725,1.516630e-07,iprobe,T=9.765625us method=gear2only maxstep=5ns slew=1e-8 FRAME_SCALE,0.805431,0.887509,0.819635,0.886121,0.000000,0.313,NO
A_gear2only_slew1e-7,1,7123,3.5154e-05,14.931906,14.910747,2.241635,14.9442,15.3982,-4.460986e-13,0.0846,3.342892e-07,iprobe,T=9.765625us method=gear2only maxstep=5ns slew=1e-7 FRAME_SCALE,0.868678,0.884593,0.869277,0.884560,0.000000,0.274,NO
C_default_T200,1,772,7.1943e-07,14.931906,14.312544,7.877296,52.5153,52.9693,-3.881459e-13,3.5968,1.816111e-07,iprobe,T=200ns POC_STRESS_TEST slew=10ns method=default maxstep=1ns,0.806940,0.888421,0.819068,0.886313,0.002887,0.506,NO
C_traponly_T200,1,772,7.1943e-07,14.931906,14.312544,7.877296,52.5153,52.9693,-3.881459e-13,3.5968,1.816111e-07,iprobe,T=200ns POC_STRESS_TEST slew=10ns method=traponly maxstep=1ns,0.806940,0.888421,0.819068,0.886313,0.002887,0.506,NO
C_gear2only_T200,1,790,7.19722e-07,14.931906,14.276250,7.857289,52.3819,52.8359,-3.881281e-13,3.5952,1.701902e-07,iprobe,T=200ns POC_STRESS_TEST slew=10ns method=gear2only maxstep=1ns,0.806186,0.887963,0.819487,0.886011,0.000794,0.043,NO
B_default_ms5e-9,1,7162,3.51519e-05,14.931906,14.876528,7.869516,52.4634,52.9174,-3.909752e-13,0.0741,1.524419e-07,iprobe,T=9.765625us slew=10ns method=default maxstep=5e-9,0.806361,0.886718,0.819138,0.885470,0.000618,0.976,NO
B_default_ms1e-9,1,35210,3.51554e-05,14.931906,14.918279,7.873005,52.4867,52.9407,-3.904125e-13,0.0740,1.825179e-07,iprobe,T=9.765625us slew=10ns method=default maxstep=1e-9,0.806365,0.888501,0.819145,0.886217,0.000104,0.990,NO
B_traponly_ms5e-9,1,7162,3.51519e-05,14.931906,14.876528,7.869516,52.4634,52.9174,-3.909752e-13,0.0741,1.524419e-07,iprobe,T=9.765625us slew=10ns method=traponly maxstep=5e-9,0.806361,0.886718,0.819138,0.885470,0.000618,0.976,NO
B_traponly_ms5e-10,1,70347,3.51562e-05,14.931906,14.920016,7.879155,52.5277,52.9817,-3.897608e-13,0.0739,1.781661e-07,iprobe,T=9.765625us slew=10ns method=traponly maxstep=5e-10,0.806042,0.888856,0.818720,0.886613,0.000006,0.991,NO
B_traponly_ms1e-9,1,35210,3.51554e-05,14.931906,14.918279,7.873005,52.4867,52.9407,-3.904125e-13,0.0740,1.825179e-07,iprobe,T=9.765625us slew=10ns method=traponly maxstep=1e-9,0.806365,0.888501,0.819145,0.886217,0.000104,0.990,NO
B_traponly_ms5e-10,1,70347,3.51562e-05,14.931906,14.920016,7.879155,52.5277,52.9817,-3.897608e-13,0.0739,1.781661e-07,iprobe,T=9.765625us slew=10ns method=traponly maxstep=5e-10,0.806042,0.888856,0.818720,0.886613,0.000006,0.991,NO
B_gear2only_ms5e-9,1,7192,3.51539e-05,14.931906,14.869278,7.876419,52.5095,52.9634,-3.822432e-13,0.0725,1.516630e-07,iprobe,T=9.765625us slew=10ns method=gear2only maxstep=5e-9,0.805431,0.887509,0.819635,0.886121,0.000000,0.313,NO
B_gear2only_ms5e-9,1,7192,3.51539e-05,14.931906,14.869278,7.876419,52.5095,52.9634,-3.822432e-13,0.0725,1.516630e-07,iprobe,T=9.765625us slew=10ns method=gear2only maxstep=5e-9,0.805431,0.887509,0.819635,0.886121,0.000000,0.313,NO
B_gear2only_ms1e-9,1,35227,3.51558e-05,14.931906,14.917053,7.831246,52.2083,52.6623,-3.902173e-13,0.0740,1.725393e-07,iprobe,T=9.765625us slew=10ns method=gear2only maxstep=1e-9,0.806432,0.887964,0.819751,0.886013,0.000000,0.389,NO
B_gear2only_ms1e-9,1,35227,3.51558e-05,14.931906,14.917053,7.831246,52.2083,52.6623,-3.902173e-13,0.0740,1.725393e-07,iprobe,T=9.765625us slew=10ns method=gear2only maxstep=1e-9,0.806432,0.887964,0.819751,0.886013,0.000000,0.389,NO
D_traponly_epcons,1,10831,3.51551e-05,14.931906,14.873086,7.870406,52.4694,52.9233,-3.898817e-13,0.0739,1.667677e-07,iprobe,T=9.765625us slew=10ns method=traponly errpreset=conservative (reltol 10x tighter),0.806096,0.888716,0.818636,0.886407,0.012770,0.974,NO
D_gear2only_epcons,1,7332,3.51557e-05,14.931906,14.829335,7.886312,52.5754,53.0294,-3.852956e-13,0.0731,1.647735e-07,iprobe,T=9.765625us slew=10ns method=gear2only errpreset=conservative (reltol 10x tighter),0.806268,0.888297,0.818729,0.886427,0.000000,0.269,NO
B_gear2only_ms5e-10,1,70354,3.51559e-05,14.931906,14.919819,7.878479,52.5232,52.9772,-3.900432e-13,0.0740,1.789104e-07,iprobe,T=9.765625us slew=10ns method=gear2only maxstep=5e-10,0.805796,0.888643,0.818784,0.886492,0.000000,0.483,NO
D_traponly_epcons,1,10831,3.51551e-05,14.931906,14.873086,7.870406,52.4694,52.9233,-3.898817e-13,0.0739,1.667677e-07,iprobe,T=9.765625us slew=10ns method=traponly errpreset=conservative (reltol 10x tighter),0.806096,0.888716,0.818636,0.886407,0.012770,0.974,NO
D_gear2only_epcons,1,7332,3.51557e-05,14.931906,14.829335,7.886312,52.5754,53.0294,-3.852956e-13,0.0731,1.647735e-07,iprobe,T=9.765625us slew=10ns method=gear2only errpreset=conservative (reltol 10x tighter),0.806268,0.888297,0.818729,0.886427,0.000000,0.269,NO
