label,samples,on_windows,off_windows,longest_on_window_s,turn_on_settling_s,turn_off_s,peak_uA,off_leakage_uA,band_pct,on_windows_not_settled,iout_method,vbias_shared_min_v,vbias_shared_max_v,vbias_shared_dev_v,gate_net_min_v,gate_net_max_v,on_settled_min_uA,on_settled_max_uA,on_settled_worst_err_pct,on_ripple_p2p_uA,ring_alternation_p2p_uA,ring_flip_ratio,adjacent_point_alternation
C_cascode_l2e6w2e5_iprobe_coreT200_T2e7vout0.50_ms1ns,1109,4,4,1.00944e-07,3.046e-08,1.544e-09,26.076381,0.027850,5.0,0,iprobe,-0.029748,0.884261,0.624122,n/a,n/a,14.869427,14.869427,0.8705,0.008462,0.008452,0.866,NO
C_cascode_l2e6w2e5_iprobe_coreT200_T2e7vout1.20_ms1ns,1109,4,4,1.00943e-07,3.146e-08,7.841e-09,23.662747,0.044469,5.0,0,iprobe,-0.029773,0.884261,0.624828,n/a,n/a,14.931904,14.931906,0.4540,0.457642,0.457600,1.000,YES
C_cascode_l2e6w2e5_iprobe_coreT200_T2e7vout3.30_ms1ns,1069,4,4,1.00876e-07,3.106e-08,7.206e-09,22.729128,0.081322,5.0,0,iprobe,-0.029481,0.884261,0.622694,n/a,n/a,14.960840,14.960844,0.2611,0.324027,0.323990,1.000,YES
C_cascode_l2e6w2e5_iprobe_core_T2e7vout0.50,326,4,4,1.00854e-07,4.091e-08,3.624e-08,26.084924,0.031213,5.0,0,iprobe,-0.030871,0.884278,0.619296,n/a,n/a,14.870102,14.870323,0.8660,0.045133,0.048734,1.000,YES
C_cascode_l2e6w2e5_iprobe_core_T2e7vout1.20,367,4,4,1.00855e-07,4.201e-08,1.379e-08,23.645305,0.076864,5.0,0,iprobe,-0.030932,0.884300,0.607069,n/a,n/a,14.933159,14.934447,0.4456,0.171337,0.186606,1.000,YES
C_cascode_l2e6w2e5_iprobe_core_T2e7vout3.30,316,4,4,1.00782e-07,3.771e-08,1.88e-08,22.734161,0.085022,5.0,1,iprobe,-0.021973,0.884271,0.591967,n/a,n/a,14.960795,14.961237,0.2614,0.884478,0.884423,1.000,YES
C_cascode_l2e6w2e5_iprobe_coreT9765_T9.765625e6vout0.50_ms5ns,9007,4,4,4.88375e-06,2.944e-08,1.573e-09,26.076368,0.030601,5.0,0,iprobe,-0.028775,0.884262,0.622434,n/a,n/a,14.869428,14.869429,0.8705,0.047954,0.048005,1.000,YES
C_cascode_l2e6w2e5_iprobe_coreT9765_T9.765625e6vout1.20_ms5ns,9055,4,4,4.88374e-06,4.097e-08,1.019e-08,23.645409,0.052011,5.0,0,iprobe,-0.028249,0.884263,0.606100,n/a,n/a,14.931907,14.933451,0.4540,1.303916,1.304255,1.000,YES
C_cascode_l2e6w2e5_iprobe_coreT9765_T9.765625e6vout3.30_ms5ns,9011,4,4,4.88358e-06,3.298e-08,9.388e-09,22.733580,0.079454,5.0,0,iprobe,-0.032034,0.884262,0.610667,n/a,n/a,14.960844,14.962587,0.2610,0.952532,0.952808,1.000,YES
E_l2e6w2e5_ch1_iprobe_E5u2uT9765_T9.765625e6vout0.50_ms5ns,8975,4,4,4.88351e-06,1.793e-08,2.744e-09,19.612883,0.079724,5.0,0,iprobe,0.693259,0.914184,0.191002,-0.000004,0.884262,14.869464,14.869479,0.8702,0.027657,0.027658,1.000,YES
E_l2e6w2e5_ch1_iprobe_E5u2uT9765_T9.765625e6vout1.20_ms5ns,8999,4,4,4.88351e-06,2.288e-08,8.892e-09,17.748950,0.147265,5.0,0,iprobe,0.698468,0.914521,0.185793,0.000000,0.884261,14.932010,14.932204,0.4533,0.163115,0.163129,1.000,YES
E_l2e6w2e5_ch1_iprobe_E5u2uT9765_T9.765625e6vout3.30_ms5ns,8969,4,4,4.88363e-06,2.256e-08,8.073e-09,18.387443,0.201159,5.0,0,iprobe,0.699174,0.912442,0.185088,0.000000,0.884262,14.960844,14.962206,0.2610,0.744424,0.744567,1.000,YES
E_l2e6w2e5_ch1_iprobe_En18T200_T2e7vout0.50_ms1ns,1070,4,4,1.00966e-07,1.671e-08,1.147e-09,31.112022,0.010598,5.0,0,iprobe,0.515372,0.928697,0.368889,-0.000000,0.884261,14.869422,14.889850,0.8705,1.185840,1.186408,1.000,YES
E_l2e6w2e5_ch1_iprobe_En18T200_T2e7vout1.20_ms1ns,1065,4,4,1.00914e-07,1.119e-08,8.043e-09,25.395507,0.026548,5.0,0,iprobe,0.514999,0.928547,0.369262,0.000000,0.884261,14.931902,14.931906,0.4540,0.707410,0.707513,1.000,YES
E_l2e6w2e5_ch1_iprobe_En18T200_T2e7vout3.30_ms1ns,1033,4,4,1.0082e-07,1.126e-08,7.501e-09,24.895375,0.025852,5.0,1,iprobe,0.517305,0.924330,0.366957,0.000000,0.884261,14.960843,14.960846,0.2610,1.622398,1.622588,1.000,YES
E_l2e6w2e5_ch1_iprobe_E_n18_T2e7vout0.50,273,4,4,1.00941e-07,NOT_FOUND,6.398e-09,30.917893,0.008800,5.0,4,iprobe,0.522067,0.904636,0.325377,-0.000001,0.884353,14.867786,14.884973,0.8814,2.008538,n/a,n/a,NO
E_l2e6w2e5_ch1_iprobe_E_n18_T2e7vout1.20,284,4,4,1.0094e-07,1.151e-08,1.345e-08,25.093380,0.027936,5.0,1,iprobe,0.521407,0.903599,0.340419,0.000000,0.884296,14.929728,15.134700,0.8980,1.290906,1.279895,1.000,YES
E_l2e6w2e5_ch1_iprobe_E_n18_T2e7vout3.30,271,4,4,1.0062e-07,6.255e-08,1.106e-08,25.320592,0.038161,5.0,0,iprobe,0.523641,0.924338,0.342064,0.000000,0.884309,14.962865,15.057467,0.3831,0.120380,n/a,n/a,NO
E_l2e6w2e5_ch1_iprobe_En33T200_T2e7vout0.50_ms1ns,1047,4,4,1.0088e-07,1.143e-08,1.517e-09,24.260158,0.013988,5.0,0,iprobe,0.723533,0.954049,0.160728,-0.000000,0.884261,14.869433,14.869433,0.8704,0.034761,0.034886,1.000,YES
E_l2e6w2e5_ch1_iprobe_En33T200_T2e7vout1.20_ms1ns,1048,4,4,1.00852e-07,1.454e-08,7.794e-09,20.459713,0.026780,5.0,0,iprobe,0.723221,0.953345,0.161040,0.000000,0.884261,14.931909,14.933080,0.4539,0.688875,0.688476,1.000,YES
E_l2e6w2e5_ch1_iprobe_En33T200_T2e7vout3.30_ms1ns,1020,4,4,1.00792e-07,1.513e-08,7.526e-09,19.969437,0.030328,5.0,0,iprobe,0.723080,0.950973,0.161182,0.000000,0.884262,14.960851,14.960855,0.2610,0.718964,0.719283,1.000,YES
E_l2e6w2e5_ch1_iprobe_E_n33_T2e7vout0.50,266,4,4,1.00827e-07,NOT_FOUND,5.147e-09,19.483219,0.001724,5.0,4,iprobe,0.727288,0.953276,0.142441,-0.000005,0.884278,14.929628,14.929629,0.4691,0.000000,n/a,n/a,NO
E_l2e6w2e5_ch1_iprobe_E_n33_T2e7vout1.20,290,4,4,1.00827e-07,2.19e-08,2.18e-08,20.308310,0.027607,5.0,0,iprobe,0.727098,0.953679,0.144058,0.000000,0.884274,14.931811,14.932176,0.4546,0.477762,n/a,n/a,NO
E_l2e6w2e5_ch1_iprobe_E_n33_T2e7vout3.30,250,4,4,1.00698e-07,1.39e-08,NOT_FOUND,20.374385,0.027410,5.0,1,iprobe,0.727853,0.944575,0.148693,0.000000,0.884302,14.960699,15.640903,4.2727,0.891317,n/a,n/a,NO
E_l2e6w2e5_ch1_iprobe_ms1e-9_T9.765625e6vout3.30_ms1ns,44057,4,4,4.88361e-06,2.129e-08,9.28e-09,17.656053,0.211398,5.0,0,iprobe,0.698692,0.914890,0.185569,0.000000,0.884261,14.960688,14.961004,0.2621,0.446155,0.448351,1.000,YES
E_l2e6w2e5_ch1_iprobe_ms2e-8_T9.765625e6vout3.30_ms20ns,2415,4,4,4.88351e-06,2.55e-08,9.384e-09,17.794757,0.228627,5.0,0,iprobe,0.699748,0.908778,0.184513,0.000000,0.884285,14.960843,14.960844,0.2610,0.720708,0.720718,1.000,YES
E_l2e6w2e5_ch1_iprobe_ms5e-9_T9.765625e6vout3.30_ms5ns,8969,4,4,4.88363e-06,2.256e-08,8.073e-09,18.387443,0.201159,5.0,0,iprobe,0.699174,0.912442,0.185088,0.000000,0.884262,14.960844,14.962206,0.2610,0.744424,0.744567,1.000,YES
E_l2e6w2e5_ch1_iprobe_S_2e-5_2e-5_T2e7vout3.30_ms1ns,1035,4,4,1.00909e-07,2.048e-08,7.459e-09,24.349939,0.055704,5.0,0,iprobe,0.631031,0.986421,0.253230,-0.029599,0.884261,14.960833,14.960835,0.2611,0.184946,0.185080,1.000,YES
E_l2e6w2e5_ch1_iprobe_S_2e-5_2e-6_T2e7vout0.50_ms1ns,1034,4,4,1.00904e-07,1.891e-08,1.255e-09,30.527894,0.018357,5.0,0,iprobe,0.626214,1.018250,0.258047,-0.000000,0.884261,14.869442,14.869449,0.8704,1.088066,1.088628,1.000,YES
E_l2e6w2e5_ch1_iprobe_S_2e-5_2e-6_T2e7vout1.20_ms1ns,1036,4,4,1.00899e-07,1.273e-08,7.895e-09,25.159126,0.026210,5.0,0,iprobe,0.625963,1.019583,0.258299,0.000000,0.884261,14.931906,14.938579,0.4540,0.387155,0.387184,1.000,YES
E_l2e6w2e5_ch1_iprobe_S_2e-5_2e-6_T2e7vout3.30_ms1ns,1017,4,4,1.00742e-07,1.471e-08,7.23e-09,24.644168,0.026020,5.0,0,iprobe,0.626183,1.018084,0.258078,0.000000,0.884261,14.960845,14.960848,0.2610,0.659151,0.659252,1.000,YES
E_l2e6w2e5_ch1_iprobe_S_2e-6_2e-5_T2e7vout3.30_ms1ns,1041,4,4,1.00839e-07,3.717e-08,NOT_FOUND,49.741494,1.353232,5.0,0,iprobe,0.389451,0.892187,0.494810,-0.230067,0.936607,14.959043,14.959283,0.2730,0.052238,0.046805,0.864,YES
E_l2e6w2e5_ch1_iprobe_S_2e-6_2e-6_T2e7vout3.30_ms1ns,1016,4,4,1.00715e-07,3.078e-08,8.601e-09,18.317639,0.184328,5.0,0,iprobe,0.678009,0.893148,0.206252,-0.012868,0.884261,14.960380,14.960828,0.2641,0.185566,0.184021,1.000,YES
E_l2e6w2e5_ch1_iprobe_S_5e-6_2e-5_T2e7vout3.30_ms1ns,1044,4,4,1.00806e-07,2.668e-08,1.629e-08,42.238120,0.531724,5.0,0,iprobe,0.409879,0.905936,0.474382,-0.147290,0.884261,14.960830,14.967714,0.2611,0.399403,0.399357,1.000,YES
E_l2e6w2e5_ch1_iprobe_S_5e-6_2e-6_T2e7vout0.50_ms1ns,1037,4,4,1.00986e-07,1.874e-08,2.719e-09,19.551292,0.084006,5.0,0,iprobe,0.693223,0.915850,0.191038,-0.000000,0.884261,14.869428,14.870044,0.8705,0.035717,0.035712,1.000,YES
E_l2e6w2e5_ch1_iprobe_S_5e-6_2e-6_T2e7vout1.20_ms1ns,1042,4,4,1.00888e-07,2.039e-08,9.193e-09,18.041272,0.152481,5.0,0,iprobe,0.698158,0.915448,0.186104,0.000000,0.884261,14.931907,14.932673,0.4540,0.051854,0.051851,1.000,YES
E_l2e6w2e5_ch1_iprobe_S_5e-6_2e-6_T2e7vout3.30_ms1ns,1015,4,4,1.00751e-07,2.038e-08,9.467e-09,17.802589,0.238375,5.0,0,iprobe,0.698039,0.915200,0.186223,0.000000,0.884261,14.960841,14.960842,0.2611,0.436632,0.436623,1.000,YES
E_l2e6w2e5_ch2_iprobe_A_base_default_T9.765625e6vout1.20_ms5ns,8791,0,0,n/a,NOT_FOUND,NOT_FOUND,14.931906,n/a,5.0,0,iprobe,0.884261,0.884261,0.000000,0.884261,0.884261,n/a,n/a,n/a,n/a,n/a,n/a,NO
E_l2e6w2e5_ch2_iprobe_A_default_slew1e-10_T9.765625e6vout1.20_ms5ns,9004,4,4,4.88288e-06,2.488e-08,1.811e-08,36.271927,0.511341,5.0,0,iprobe,0.761256,0.962325,0.123005,-0.000000,0.884261,14.931905,14.932325,0.4540,0.471532,0.471487,1.000,YES
E_l2e6w2e5_ch2_iprobe_A_default_slew1e-7_T9.765625e6vout1.20_ms5ns,8877,4,4,4.97749e-06,5.59e-08,1.621e-08,14.947724,0.000306,5.0,0,iprobe,0.868026,0.884598,0.016236,-0.001196,0.884261,14.931880,14.931906,0.4541,0.031590,0.031595,1.000,YES
E_l2e6w2e5_ch2_iprobe_A_default_slew1e-8_T9.765625e6vout1.20_ms5ns,8959,4,4,4.89258e-06,2.512e-08,1.024e-08,15.067537,0.001288,5.0,0,iprobe,0.806361,0.886718,0.077901,0.000000,0.884261,14.931906,14.931906,0.4540,0.265939,0.266011,1.000,YES
E_l2e6w2e5_ch2_iprobe_B_default_ms1e-9_T9.765625e6vout1.20_ms1ns,44015,4,4,4.89201e-06,2.562e-08,9.199e-09,15.230856,0.001499,5.0,0,iprobe,0.806365,0.888501,0.077896,0.000000,0.884261,14.931904,14.931906,0.4540,0.237132,0.239167,1.000,YES
E_l2e6w2e5_ch2_iprobe_B_default_ms5e-9_T9.765625e6vout1.20_ms5ns,8959,4,4,4.89258e-06,2.512e-08,1.024e-08,15.067537,0.001288,5.0,0,iprobe,0.806361,0.886718,0.077901,0.000000,0.884261,14.931906,14.931906,0.4540,0.265939,0.266011,1.000,YES
E_l2e6w2e5_ch2_iprobe_C_base_default_T2e7vout1.20_ms1ns,904,0,0,n/a,NOT_FOUND,NOT_FOUND,14.931906,n/a,5.0,0,iprobe,0.884261,0.884261,0.000000,0.884261,0.884261,n/a,n/a,n/a,n/a,n/a,n/a,NO
E_l2e6w2e5_ch2_iprobe_cbias10p_cb10p_dyn1e-10_T2e7vout1.20_ms1ns,1062,4,4,1.00083e-07,5.573e-08,8.168e-09,35.730183,0.047399,5.0,1,iprobe,0.877129,0.885532,0.004774,0.000000,0.882444,14.537457,14.559715,3.0836,0.665016,0.512684,1.000,YES
E_l2e6w2e5_ch2_iprobe_cbias10p_cb10p_dyn1e-10_T9.765625e6vout1.20_ms5ns,8999,4,4,4.88288e-06,1.045e-07,1.793e-08,36.062494,0.507131,5.0,0,iprobe,0.877659,0.885518,0.006602,0.000000,0.884261,14.931766,14.931905,0.4549,0.842919,0.843108,1.000,YES
E_l2e6w2e5_ch2_iprobe_cbias10p_cb10p_dyn1e-8_T2e7vout1.20_ms1ns,975,4,4,1.09109e-07,5.605e-08,9.158e-09,15.051558,0.031015,5.0,1,iprobe,0.876615,0.884482,0.005177,0.000000,0.882361,14.513763,14.519743,3.2416,1.709967,0.848772,0.973,YES
E_l2e6w2e5_ch2_iprobe_cbias10p_cb10p_dyn1e-8_T9.765625e6vout1.20_ms5ns,8964,4,4,4.89198e-06,2.876e-07,1.084e-08,15.594743,0.002542,5.0,0,iprobe,0.877191,0.884452,0.007071,0.000000,0.884261,14.931906,14.934328,0.4540,1.323415,1.323674,1.000,YES
E_l2e6w2e5_ch2_iprobe_cbias10p_cb10p_stat_T2e7vout1.20_ms1ns,904,0,0,n/a,NOT_FOUND,NOT_FOUND,14.931906,n/a,5.0,0,iprobe,0.884261,0.884261,0.000000,0.884261,0.884261,n/a,n/a,n/a,n/a,n/a,n/a,NO
E_l2e6w2e5_ch2_iprobe_cbias10p_cb10p_stat_T9.765625e6vout1.20_ms5ns,8791,0,0,n/a,NOT_FOUND,NOT_FOUND,14.931906,n/a,5.0,0,iprobe,0.884261,0.884261,0.000000,0.884261,0.884261,n/a,n/a,n/a,n/a,n/a,n/a,NO
E_l2e6w2e5_ch2_iprobe_cbias1p_cb1p_dyn1e-10_T2e7vout1.20_ms1ns,1066,4,4,1.00081e-07,3.548e-08,8.159e-09,36.387402,0.052848,5.0,0,iprobe,0.847410,0.895378,0.036692,0.000000,0.884256,14.925701,14.926152,0.4953,0.462289,0.446662,1.000,YES
E_l2e6w2e5_ch2_iprobe_cbias1p_cb1p_dyn1e-10_T9.765625e6vout1.20_ms5ns,8999,4,4,4.88289e-06,3.856e-08,1.814e-08,36.155858,0.527072,5.0,0,iprobe,0.847653,0.895214,0.036609,0.000000,0.884261,14.930897,14.931906,0.4607,0.551120,0.551248,1.000,YES
E_l2e6w2e5_ch2_iprobe_cbias1p_cb1p_dyn1e-8_T2e7vout1.20_ms1ns,975,4,4,1.09019e-07,3.616e-08,9.265e-09,15.205942,0.030996,5.0,0,iprobe,0.847701,0.885782,0.036341,0.000000,0.884257,14.903893,14.905409,0.6407,1.310672,0.082325,0.973,YES
E_l2e6w2e5_ch2_iprobe_cbias1p_cb1p_dyn1e-8_T9.765625e6vout1.20_ms5ns,8962,4,4,4.89149e-06,3.775e-08,1.02e-08,15.098726,0.002541,5.0,0,iprobe,0.848079,0.885553,0.036183,0.000000,0.884261,14.931905,14.931906,0.4540,0.332701,0.332787,1.000,YES
E_l2e6w2e5_ch2_iprobe_cbias1p_cb1p_stat_T2e7vout1.20_ms1ns,904,0,0,n/a,NOT_FOUND,NOT_FOUND,14.931906,n/a,5.0,0,iprobe,0.884261,0.884261,0.000000,0.884261,0.884261,n/a,n/a,n/a,n/a,n/a,n/a,NO
E_l2e6w2e5_ch2_iprobe_cbias1p_cb1p_stat_T9.765625e6vout1.20_ms5ns,8791,0,0,n/a,NOT_FOUND,NOT_FOUND,14.931906,n/a,5.0,0,iprobe,0.884261,0.884261,0.000000,0.884261,0.884261,n/a,n/a,n/a,n/a,n/a,n/a,NO
E_l2e6w2e5_ch2_iprobe_C_default_T200_T2e7vout1.20_ms1ns,970,4,4,1.09158e-07,2.565e-08,8.98e-09,15.211343,0.031036,5.0,0,iprobe,0.806940,0.888421,0.077319,0.000000,0.884261,14.878946,14.888068,0.8070,1.930306,0.294182,0.973,YES
E_l2e6w2e5_ch2_iprobe_E_local_gate_dyn_T2e-7_slew1e-10_T2e7vout1.20_ms1ns,1066,4,4,1.00081e-07,2.228e-08,8.494e-09,36.432815,0.099354,5.0,0,iprobe,0.760957,0.963833,0.123303,0.000000,0.884261,14.931880,14.931893,0.4541,0.098497,0.098101,1.000,YES
E_l2e6w2e5_ch2_iprobe_E_local_gate_dyn_T2e-7_slew1e-7_T2e7vout1.20_ms1ns,906,2,2,2e-07,5.6e-08,1.5e-08,14.935194,0.030824,5.0,0,iprobe,0.868069,0.884637,0.016001,-0.001159,0.884261,11.372112,11.372350,24.1859,8.986565,0.006625,0.590,NO
E_l2e6w2e5_ch2_iprobe_E_local_gate_dyn_T2e-7_slew1e-8_T2e7vout1.20_ms1ns,970,4,4,1.09158e-07,2.565e-08,8.98e-09,15.211343,0.031036,5.0,0,iprobe,0.806940,0.888421,0.077319,0.000000,0.884261,14.878946,14.888068,0.8070,1.930306,0.294182,0.973,YES
E_l2e6w2e5_ch2_iprobe_E_local_gate_dyn_T9.765625e-6_slew1e-10_T9.765625e6vout1.20_ms5ns,9004,4,4,4.88288e-06,2.488e-08,1.811e-08,36.271927,0.511341,5.0,0,iprobe,0.761256,0.962325,0.123005,-0.000000,0.884261,14.931905,14.932325,0.4540,0.471532,0.471487,1.000,YES
E_l2e6w2e5_ch2_iprobe_E_local_gate_dyn_T9.765625e-6_slew1e-7_T9.765625e6vout1.20_ms5ns,8877,4,4,4.97749e-06,5.59e-08,1.621e-08,14.947724,0.000306,5.0,0,iprobe,0.868026,0.884598,0.016236,-0.001196,0.884261,14.931880,14.931906,0.4541,0.031590,0.031595,1.000,YES
E_l2e6w2e5_ch2_iprobe_E_local_gate_dyn_T9.765625e-6_slew1e-8_T9.765625e6vout1.20_ms5ns,8959,4,4,4.89258e-06,2.512e-08,1.024e-08,15.067537,0.001288,5.0,0,iprobe,0.806361,0.886718,0.077901,0.000000,0.884261,14.931906,14.931906,0.4540,0.265939,0.266011,1.000,YES
E_l2e6w2e5_ch2_iprobe_E_local_gate_static_e00_T2e7vout1.20_ms1ns,904,0,0,n/a,NOT_FOUND,NOT_FOUND,0.000001,n/a,5.0,0,iprobe,0.884261,0.884261,0.000000,0.000000,0.000000,n/a,n/a,n/a,n/a,n/a,n/a,NO
E_l2e6w2e5_ch2_iprobe_E_local_gate_static_e01_T2e7vout1.20_ms1ns,904,0,0,n/a,NOT_FOUND,NOT_FOUND,0.000001,n/a,5.0,0,iprobe,0.884261,0.884261,0.000000,0.000000,0.000000,n/a,n/a,n/a,n/a,n/a,n/a,NO
E_l2e6w2e5_ch2_iprobe_E_local_gate_static_e10_T2e7vout1.20_ms1ns,904,0,0,n/a,NOT_FOUND,NOT_FOUND,14.931906,n/a,5.0,0,iprobe,0.884261,0.884261,0.000000,0.884261,0.884261,n/a,n/a,n/a,n/a,n/a,n/a,NO
E_l2e6w2e5_ch2_iprobe_E_local_gate_static_e11_T2e7vout1.20_ms1ns,904,0,0,n/a,NOT_FOUND,NOT_FOUND,14.931906,n/a,5.0,0,iprobe,0.884261,0.884261,0.000000,0.884261,0.884261,n/a,n/a,n/a,n/a,n/a,n/a,NO
E_l2e6w2e5_ch2_iprobe_mgear2only_A_base_gear2only_T9.765625e6vout1.20_ms5ns,8791,0,0,n/a,NOT_FOUND,NOT_FOUND,14.931906,n/a,5.0,0,iprobe,0.884261,0.884261,0.000000,0.884261,0.884261,n/a,n/a,n/a,n/a,n/a,n/a,NO
E_l2e6w2e5_ch2_iprobe_mgear2only_A_gear2only_slew1e-10_T9.765625e6vout1.20_ms5ns,9033,4,4,4.88289e-06,2.332e-08,8.896e-09,36.144157,0.000298,5.0,0,iprobe,0.757964,0.959028,0.126297,-0.000201,0.884435,14.931906,14.931906,0.4540,0.000000,0.000000,0.784,NO
E_l2e6w2e5_ch2_iprobe_mgear2only_A_gear2only_slew1e-7_T9.765625e6vout1.20_ms5ns,8909,4,4,4.97906e-06,5.544e-08,1.117e-08,14.944519,0.000305,5.0,0,iprobe,0.868678,0.884594,0.015583,-0.003160,0.884324,14.931906,14.931906,0.4540,0.000000,0.000000,0.782,NO
E_l2e6w2e5_ch2_iprobe_mgear2only_A_gear2only_slew1e-8_T9.765625e6vout1.20_ms5ns,8998,4,4,4.89236e-06,2.753e-08,1.046e-08,14.964773,0.000299,5.0,0,iprobe,0.805431,0.887509,0.078830,-0.000457,0.884428,14.931906,14.931906,0.4540,0.000000,0.000000,0.605,NO
E_l2e6w2e5_ch2_iprobe_mgear2only_C_base_gear2only_T2e7vout1.20_ms1ns,904,0,0,n/a,NOT_FOUND,NOT_FOUND,14.931906,n/a,5.0,0,iprobe,0.884261,0.884261,0.000000,0.884261,0.884261,n/a,n/a,n/a,n/a,n/a,n/a,NO
E_l2e6w2e5_ch2_iprobe_mgear2only_C_gear2only_T200_T2e7vout1.20_ms1ns,993,4,4,1.09819e-07,2.55e-08,1.023e-08,15.149907,0.031186,5.0,0,iprobe,0.806186,0.887969,0.078072,-0.000441,0.884261,14.876837,14.930929,0.8211,2.211684,0.000041,0.040,NO
E_l2e6w2e5_ch2_iprobe_mtraponly_A_base_traponly_T9.765625e6vout1.20_ms5ns,8791,0,0,n/a,NOT_FOUND,NOT_FOUND,14.931906,n/a,5.0,0,iprobe,0.884261,0.884261,0.000000,0.884261,0.884261,n/a,n/a,n/a,n/a,n/a,n/a,NO
E_l2e6w2e5_ch2_iprobe_mtraponly_A_traponly_slew1e-10_T9.765625e6vout1.20_ms5ns,9004,4,4,4.88288e-06,2.488e-08,1.811e-08,36.271927,0.511341,5.0,0,iprobe,0.761256,0.962325,0.123005,-0.000000,0.884261,14.931905,14.932325,0.4540,0.471532,0.471487,1.000,YES
E_l2e6w2e5_ch2_iprobe_mtraponly_A_traponly_slew1e-7_T9.765625e6vout1.20_ms5ns,8877,4,4,4.97749e-06,5.59e-08,1.621e-08,14.947724,0.000306,5.0,0,iprobe,0.868026,0.884598,0.016236,-0.001196,0.884261,14.931880,14.931906,0.4541,0.031590,0.031595,1.000,YES
E_l2e6w2e5_ch2_iprobe_mtraponly_A_traponly_slew1e-8_T9.765625e6vout1.20_ms5ns,8959,4,4,4.89258e-06,2.512e-08,1.024e-08,15.067537,0.001288,5.0,0,iprobe,0.806361,0.886718,0.077901,0.000000,0.884261,14.931906,14.931906,0.4540,0.265939,0.266011,1.000,YES
E_l2e6w2e5_ch2_iprobe_mtraponly_B_traponly_ms1e-9_T9.765625e6vout1.20_ms1ns,44015,4,4,4.89201e-06,2.562e-08,9.199e-09,15.230856,0.001499,5.0,0,iprobe,0.806365,0.888501,0.077896,0.000000,0.884261,14.931904,14.931906,0.4540,0.237132,0.239167,1.000,YES
E_l2e6w2e5_ch2_iprobe_mtraponly_B_traponly_ms5e-9_T9.765625e6vout1.20_ms5ns,8959,4,4,4.89258e-06,2.512e-08,1.024e-08,15.067537,0.001288,5.0,0,iprobe,0.806361,0.886718,0.077901,0.000000,0.884261,14.931906,14.931906,0.4540,0.265939,0.266011,1.000,YES
E_l2e6w2e5_ch2_iprobe_mtraponly_C_base_traponly_T2e7vout1.20_ms1ns,904,0,0,n/a,NOT_FOUND,NOT_FOUND,14.931906,n/a,5.0,0,iprobe,0.884261,0.884261,0.000000,0.884261,0.884261,n/a,n/a,n/a,n/a,n/a,n/a,NO
E_l2e6w2e5_ch2_iprobe_mtraponly_C_traponly_T200_T2e7vout1.20_ms1ns,970,4,4,1.09158e-07,2.565e-08,8.98e-09,15.211343,0.031036,5.0,0,iprobe,0.806940,0.888421,0.077319,0.000000,0.884261,14.878946,14.888068,0.8070,1.930306,0.294182,0.973,YES
