margin_source_ns,t_D50_ns,t_CLK50_ns,t_Q50_ns,hold_margin_ns,CLK50_to_Q50_ns,q_min_V,q_max_V,level_verdict,slew_ns
20.000,520.5000,500.5000,held-no-fall,20.0000,n/a,1.8,1.8,PASS,1
10.000,510.5000,500.5000,held-no-fall,10.0000,n/a,1.8,1.8,PASS,1
5.000,505.5000,500.5000,held-no-fall,5.0000,n/a,1.8,1.8,PASS,1
3.000,503.5000,500.5000,held-no-fall,3.0000,n/a,1.8,1.8,PASS,1
2.000,502.5000,500.5000,held-no-fall,2.0000,n/a,1.8,1.8,PASS,1
1.500,502.0000,500.5000,held-no-fall,1.5000,n/a,1.8,1.8,PASS,1
1.000,501.5000,500.5000,held-no-fall,1.0000,n/a,1.8,1.8,PASS,1
0.700,501.2000,500.5000,held-no-fall,0.7000,n/a,1.8,1.8,PASS,1
0.400,500.9000,500.5000,held-no-fall,0.4000,n/a,1.8,1.8,PASS,1
0.200,500.7000,500.5000,held-no-fall,0.2000,n/a,1.8,1.8,PASS,1
0.000,500.5000,500.5000,held-no-fall,0.0000,n/a,1.8,1.8,PASS,1
-0.400,500.1000,500.5000,held-no-fall,-0.4000,n/a,1.8,1.8,PASS,1
-1.000,499.5000,500.5000,500.6838,-1.0000,0.1838,1.0727e-08,1.07571e-08,FAIL,1
