margin_source_ns,t_D50_ns,t_CLK50_ns,t_Q50_ns,setup_margin_ns,CLK50_to_Q50_ns,q_min_V,q_max_V,level_verdict,slew_ns
20.000,480.0250,500.0250,500.4005,20.0000,0.3755,1.8,1.8,PASS,0.05
10.000,490.0250,500.0250,500.4002,10.0000,0.3752,1.8,1.8,PASS,0.05
5.000,495.0250,500.0250,500.3998,5.0000,0.3748,1.8,1.8,PASS,0.05
3.000,497.0250,500.0250,500.3995,3.0000,0.3745,1.8,1.8,PASS,0.05
2.000,498.0250,500.0250,500.3993,2.0000,0.3743,1.8,1.8,PASS,0.05
1.500,498.5250,500.0250,500.3991,1.5000,0.3741,1.8,1.8,PASS,0.05
1.000,499.0250,500.0250,500.3988,1.0000,0.3738,1.8,1.8,PASS,0.05
0.700,499.3250,500.0250,500.3985,0.7000,0.3735,1.8,1.8,PASS,0.05
0.400,499.6250,500.0250,500.3977,0.4000,0.3727,1.8,1.8,PASS,0.05
0.200,499.8250,500.0250,500.3954,0.2000,0.3704,1.8,1.8,PASS,0.05
0.000,500.0250,500.0250,not-captured,0.0000,n/a,1.04889e-08,1.06632e-08,FAIL,0.05
-0.400,500.4250,500.0250,not-captured,-0.4000,n/a,1.04935e-08,1.06636e-08,FAIL,0.05
-1.000,501.0250,500.0250,not-captured,-1.0000,n/a,7.2833e-09,1.36058e-08,FAIL,0.05
