inst,model,l_expr,w_expr,db_D,db_G,db_S,db_B,verdict
mn_c,n18,ln,wc,clkb,clk,vss,vss,MATCH
mn_k1,n18,ln,wk,mb,m,vss,vss,MATCH
mn_k2,n18,ln,wk,m,mb,vss,vss,MATCH
mn_k3,n18,ln,wk,qbar,q,vss,vss,MATCH
mn_k4,n18,ln,wk,q,qbar,vss,vss,MATCH
mn_m1,n18,ln,wc,x2,clkb,vss,vss,MATCH
mn_m2,n18,ln,wc,m,d,x2,vss,MATCH
mn_s1,n18,ln,wc,y2,clk,vss,vss,MATCH
mn_s2,n18,ln,wc,q,m,y2,vss,MATCH
mp_c,p18,ln,wcp,clkb,clk,vdd,vdd,MATCH
mp_k1,p18,ln,wkp,mb,m,vdd,vdd,MATCH
mp_k2,p18,ln,wkp,m,mb,vdd,vdd,MATCH
mp_k3,p18,ln,wkp,qbar,q,vdd,vdd,MATCH
mp_k4,p18,ln,wkp,q,qbar,vdd,vdd,MATCH
mp_m1,p18,ln,wcp,x1,clk,vdd,vdd,MATCH
mp_m2,p18,ln,wcp,m,d,x1,vdd,MATCH
mp_s1,p18,ln,wcp,y1,clkb,vdd,vdd,MATCH
mp_s2,p18,ln,wcp,q,m,y1,vdd,MATCH
